citation_key,year,first_author,title,study_type,doi,local_filename
1967_Bell,1967,Bell,A compendium of fish and small hydropower passage,Review,,1967_Bell_Review_A compendium of fish and small hydropower passage.pdf
1981_Turbak,1981,Turbak,Analysis of environmental issues related to small-scale hydroelectric development IV fish mortality resulting from,Review,,1981_Turbak_Review_Analysis of environmental issues related to small-scale hydroelectric development IV fish mortality resulting from.pdf
1983_Ruggles,1983,Ruggles,Fish response to spillways,Review,,1983_Ruggles_Review_Fish response to spillways.pdf
1996_Lewis,1996,Lewis,Effects of Underwater Explosions on Life in the Sea,Review,,1996_Lewis_Review_Effects of Underwater Explosions on Life in the Sea.pdf
1999_Cada,1999,Cada,Exploring the Role of Shear Stress and Severe Turbulence in Downstream Fish Passage,Review,,1999_Cada_Review_Exploring the Role of Shear Stress and Severe Turbulence in Downstream Fish Passage.pdf
1999_Odeh,1999,Odeh,A summary of environmentally friendly turbine design concepts,Review,,1999_Odeh_Review_A summary of environmentally friendly turbine design concepts.pdf
2000_Coutant,2000,Coutant,Fish Behavior in Relation to Passage through Hydropower Turbines A Review,Review,,2000_Coutant_Review_Fish Behavior in Relation to Passage through Hydropower Turbines A Review.pdf
2001_Cada,2001,Cada,The development of advanced hydroelectric turbines to improve fish passage survival,Review,,2001_Cada_Review_The development of advanced hydroelectric turbines to improve fish passage survival.pdf
2003_Weiland,2003,Weiland,Technologies for fish passage,Review,,2003_Weiland_Review_Technologies for fish passage.pdf
2004_Avellan,2004,Avellan,Introduction to cavitation in hydraulc machinery,Review,,2004_Avellan_Review_Introduction to cavitation in hydraulc machinery.pdf
2006_Cada,2006,Cada,Efforts to Reduce Mortality to Hydroelectric Turbine-Passed Fish Locating and Quantifying Damaging Shear Stresses,Review,10.1007/s00267-005-0061-1,2006_Cada_Review_Efforts to Reduce Mortality to Hydroelectric Turbine-Passed Fish Locating and Quantifying Damaging Shear Stresses.pdf
2007_Schilt,2007,Schilt,Developing fish passage and protection at hydropower dams,Review,10.1016/j.applanim.2006.09.004,2007_Schilt_Review_Developing fish passage and protection at hydropower dams.pdf
2011_Amaral,2011,Amaral,Estimating total passage survival for fish migrating downstream at hydropower projects-amaral,Review,,2011_Amaral_Review_Estimating total passage survival for fish migrating downstream at hydropower projects-amaral.pdf
2011_Cada,2011,Cada,Determining the Best Methods for Reducing Fish Mortality,Review,,2011_Cada_Review_Determining the Best Methods for Reducing Fish Mortality.pdf
2011_Cadab,2011,Cada,The Development of Advanced Hydroelectric Turbines to Improve Fish Passage Survival,Review,10.1577/1548-8446(2001)026,2011_Cada_Review_The Development of Advanced Hydroelectric Turbines to Improve Fish Passage Survival.pdf
2011_EPRI,2011,EPRI,Evaluation of Fish Injury and Mortality Associated with Hydrokinetic Turbines,Review,,2011_EPRI_Review_Evaluation of Fish Injury and Mortality Associated with Hydrokinetic Turbines.pdf
2012_Carlson,2012,Carlson,Barotrauma in Fish and Barotrauma Metrics,Review,10.1007/978-1-4419-7311-5_51,2012_Carlson_Review_Barotrauma in Fish and Barotrauma Metrics.pdf
2014_Brown,2014,Brown,Understanding Barotrauma in Fish Passing Hydro,Review,10.1080/03632415.2014.883570,2014_Brown_Review_Understanding Barotrauma in Fish Passing Hydro.pdf
2014_Hogan,2014,Hogan,The Status of Environmentally Enhanced Hydropower Turbines,Review,10.1080/03632415.2014.897195,2014_Hogan_Review_The Status of Environmentally Enhanced Hydropower Turbines.pdf
2014_Trumbo,2014,Trumbo,Improving hydroturbine pressures to enhance salmon passage survival and recovery,Review,10.1007/s11160-013-9340-8,2014_Trumbo_Review_Improving hydroturbine pressures to enhance salmon passage survival and recovery.pdf
2015_Beirao,2015,Beirao,Avaliação e desenvolvimento de método para estudo de barotrauma em peixes em turbinas de usinas hidrelétricas,Review,,2015_Beirao_Review_Avaliação e desenvolvimento de método para estudo de barotrauma em peixes em turbinas de usinas hidrelétricas.pdf
2015_Linnansaari,2015,Linnansaari,FISH PASSAGE IN LARGE RIVERS,Review,10.13140/RG.2.2.32204.41604,2015_Linnansaari_Review_FISH PASSAGE IN LARGE RIVERS.pdf
2016_Pracheil,2016,Pracheil,A fish-eye view of riverine hydropower systems,Review,10.1007/s11160-015-9416-8,2016_Pracheil_Review_A fish-eye view of riverine hydropower systems.pdf
2016_Pracheilb,2016,Pracheil,A traits-based approach for prioritizing species,Review,10.3354/esr00766,2016_Pracheil_Review_A traits-based approach for prioritizing species.pdf
2017_Bevelheimer,2017,Bevelheimer,An overview of experimental efforts to understand the mechanisms of fish injury and mortality caused by,Review,,2017_Bevelheimer_Review_An overview of experimental efforts to understand the mechanisms of fish injury and mortality caused by.pdf
2017_Crew,2017,Crew,Literature Review - Fish mortality risks and international regulations associated with downstream passage through,Review,,2017_Crew_Review_Literature Review - Fish mortality risks and international regulations associated with downstream passage through.pdf
2018_Silva,2018,Silva,It’s a catfish Novel approaches are needed to study the effects of rapid decompression on benthic species,Review,10.1071/MF18267,2018_Silva_Review_It’s a catfish Novel approaches are needed to study the effects of rapid decompression on benthic species.pdf
2020_Algara,2020,Algara,What are the relative risks of mortality and injury for fish during downstream passage at hydroelectric dams in,Review,10.1186/s13750-020-0184-0,2020_Algara_Review_What are the relative risks of mortality and injury for fish during downstream passage at hydroelectric dams in.pdf
2021_Copping,2021,Copping,Are fish in danger A review of environmental effects of marine renewable energy on fishes,Review,10.1016/j.biocon.2021.109297,2021_Copping_Review_Are fish in danger A review of environmental effects of marine renewable energy on fishes.pdf
2021_Coutant,2021,Coutant,Fish Behavior in Relation to Passage through Hydropower Turbines A Review,Review,,2021_Coutant_Review_Fish Behavior in Relation to Passage through Hydropower Turbines A Review.pdf
2021_Quaranta,2021,Quaranta,Environmentally Enhanced Turbines for Hydropower Plants Current Technology and Future Perspective,Review,10.3389/fenrg.2021.703106,2021_Quaranta_Review_Environmentally Enhanced Turbines for Hydropower Plants Current Technology and Future Perspective.pdf
2021_Radinger,2021,Radinger,Evident but context-dependent mortality of fish passinghydroelectric turbines,Review,10.1111/cobi.13870,2021_Radinger_Review_Evident but context-dependent mortality of fish passinghydroelectric turbines.pdf
2021_Wood,2021,Wood,Leading edge topography of blades–a critical review,Review,10.1088/2051-672X/abf81f,2021_Wood_Review_Leading edge topography of blades–a critical review.pdf
2022_Musa,2022,Musa,Needs and Opportunities for Testing of Hydropower Technology Innovations,Review,,2022_Musa_Review_Needs and Opportunities for Testing of Hydropower Technology Innovations.pdf
2023_Cox,2023,Cox,Fish Injury from Movements across Hydraulic Structures,Review,10.3390/w15101888,2023_Cox_Review_Fish Injury from Movements across Hydraulic Structures.pdf
2023_Koukouvinis,2023,Koukouvinis,State of the Art in Designing Fish-Friendly Turbines - Concepts and Performance Indicators,Review,10.3390/en16062661,2023_Koukouvinis_Review_State of the Art in Designing Fish-Friendly Turbines - Concepts and Performance Indicators.pdf
2025_Martinez,2025,Martinez,A scientific framework for sustainable hydropower with improved fish passage,Review,10.1016/j.rser.2025.115355,2025_Martinez_Review_A scientific framework for sustainable hydropower with improved fish passage.pdf
2025_Report,2025,Report,Fish mortality at hydropower plants - identifying problems and co-creating solutions,Review,,2025_Report_Review_Fish mortality at hydropower plants - identifying problems and co-creating solutions.pdf
1928_Evans,1928,Evans,Observations on the Physiology of the Swim Bladder in Cyprinoid Fishes,Lab,,1928_Evans_Lab_Observations on the Physiology of the Swim Bladder in Cyprinoid Fishes.pdf
1973_Christian,1973,Christian,The effects of underwater explosions on swimbladder fish,Lab,,1973_Christian_Lab_The effects of underwater explosions on swimbladder fish.pdf
1983_Feathers,1983,Feathers,Effects of Depressurization Upon Largemouth Bass,Lab,10.1577/1548-8659(1983)3,1983_Feathers_Lab_Effects of Depressurization Upon Largemouth Bass.pdf
1995_Watson,1995,Watson,Allowable gas supersaturation for fish passing hydroelectric dams,Lab,,1995_Watson_Lab_Allowable gas supersaturation for fish passing hydroelectric dams.pdf
2000_Abernethy,2000,Abernethy,Laboratory Studies of the Effects of pressure and dissolved gases on fish,Lab,,2000_Abernethy_Lab_Laboratory Studies of the Effects of pressure and dissolved gases on fish.pdf
2000_DOE,2000,DOE,Shear on fish,Lab,,2000_DOE_Lab_Shear on fish.pdf
2000_Neitzel,2000,Neitzel,Laboratory Studies on the Effects of Shear on Fish,Lab,,2000_Neitzel_Lab_Laboratory Studies on the Effects of Shear on Fish.pdf
2002_Abernathy,2002,Abernathy,Simulated passage through a modified Kaplan turbine pressure regime,Lab,,2002_Abernathy_Lab_Simulated passage through a modified Kaplan turbine pressure regime.pdf
2002_Odeh,2002,Odeh,Evaluation of the effects of turbulence on the behavior of migratory fish,Lab,,2002_Odeh_Lab_Evaluation of the effects of turbulence on the behavior of migratory fish.pdf
2003_Abernethy,2003,Abernethy,Fish Passage Through a Simulated Bulb Turbine Pressure Regime,Lab,,2003_Abernethy_Lab_Fish Passage Through a Simulated Bulb Turbine Pressure Regime.pdf
2003_Becker,2003,Becker,Idendifying the effects on fish of changes in water pressure during turbine passage,Lab,,2003_Becker_Lab_Idendifying the effects on fish of changes in water pressure during turbine passage.pdf
2003_Carlson,2003,Carlson,Evolution of the sensor fish,Lab,,2003_Carlson_Lab_Evolution of the sensor fish.pdf
2003_Cook,2003,Cook,Final report - pilot scale tests Alden concepts NREC turbine,Lab,,2003_Cook_Lab_Final report - pilot scale tests Alden concepts NREC turbine.pdf
2003_Morris,2003,Morris,Lateral line pore diameters correlate with the development of gas bubble trauma signs in several Columbia River fishes,Lab,,2003_Morris_Lab_Lateral line pore diameters correlate with the development of gas bubble trauma signs in several Columbia River fishes.pdf
2004_Neitzel,2004,Neitzel,Survival estimates for juvenile fish subjected to a laboratory-generated shear environment,Lab,,2004_Neitzel_Lab_Survival estimates for juvenile fish subjected to a laboratory-generated shear environment.pdf
2004_Ryon,2004,Ryon,Further tests of changes in fish escape behavior resulting from sublethal stresses associated with hydroelectric turbine,Lab,,2004_Ryon_Lab_Further tests of changes in fish escape behavior resulting from sublethal stresses associated with hydroelectric turbine.pdf
2005_Deng,2005,Deng,Evaluation of fish-injury mechanisms during exposure to turbulent shear flow,Lab,10.1139/F05-091,2005_Deng_Lab_Evaluation of fish-injury mechanisms during exposure to turbulent shear flow.pdf
2005_Weiland,2005,Weiland,Characterization of Bead Trajectories Through the Draft Tube of a Turbine Physical Model,Lab,,2005_Weiland_Lab_Characterization of Bead Trajectories Through the Draft Tube of a Turbine Physical Model.pdf
2006_Escaler,2006,Escaler,Detection of cavitation in hydraulic turbines,Lab,10.1016/j.ymssp.2004.08.006,2006_Escaler_Lab_Detection of cavitation in hydraulic turbines.pdf
2007_Brown,2007,Brown,Assessment of Barotrauma Resulting from Rapid Decompression of Depth Acclimated Juvenile Chinook Salmon Bearing Radio,Lab,,2007_Brown_Lab_Assessment of Barotrauma Resulting from Rapid Decompression of Depth Acclimated Juvenile Chinook Salmon Bearing Radio.pdf
2007_Deng,2007,Deng,Six-Degree-of-Freedom Sensor Fish Design and Instrumentation,Lab,,2007_Deng_Lab_Six-Degree-of-Freedom Sensor Fish Design and Instrumentation.pdf
2007_McKinstry,2007,McKinstry,Derivation of a Mortal Injury Metric for Studies of Rapid Decompression of Depth-Acclimated Physostomous Fish,Lab,,2007_McKinstry_Lab_Derivation of a Mortal Injury Metric for Studies of Rapid Decompression of Depth-Acclimated Physostomous Fish.pdf
2009_Brown,2009,Brown,Assessment of barotrauma from rapid decompression of depth-acclimated juvenile chinook salmon bearing radtiotelemetry,Lab,10.1577/T08-122.1,2009_Brown_Lab_Assessment of barotrauma from rapid decompression of depth-acclimated juvenile chinook salmon bearing radtiotelemetry.pdf
2009_Dobriloff,2009,Dobriloff,Surface Pressure and Wall Shear Stress Measurements on a Wall Mounted Cylinder,Lab,10.1007/978-3-642-01106-1_20,2009_Dobriloff_Lab_Surface Pressure and Wall Shear Stress Measurements on a Wall Mounted Cylinder.pdf
2009_Richmond,2009,Richmond,Response relationships between juvenile salmon and an autonomous sensor in turbulent flow,Lab,10.1016/j,2009_Richmond_Lab_Response relationships between juvenile salmon and an autonomous sensor in turbulent flow.pdf
200x_Dixon,200x,Dixon,EPRI-Designing-leading-edges-of-turbine-blades-to-increase-fish-survival-from-blade-strike,Lab,,200x_Dixon_Lab_EPRI-Designing-leading-edges-of-turbine-blades-to-increase-fish-survival-from-blade-strike.pdf
2010_Deng,2010,Deng,Injury and mortality of juvenile salmon entrained in a submerged jet entering still water,Lab,10.1577/M09-153.1,2010_Deng_Lab_Injury and mortality of juvenile salmon entrained in a submerged jet entering still water.pdf
2010_Stephenson,2010,Stephenson,Assessing barotrauma in neutrally and negatively buoyant juvenile salmonids exposed to simulated hydro-turbine,Lab,10.1016/j,2010_Stephenson_Lab_Assessing barotrauma in neutrally and negatively buoyant juvenile salmonids exposed to simulated hydro-turbine.pdf
2011_Amaralb,2011,Amaral,Designing leading edges of turbine blades to increase fish survival from blade strike,Lab,,2011_Amaral_Lab_Designing leading edges of turbine blades to increase fish survival from blade strike.pdf
2011_Boyd,2011,Boyd,Efficacy of Single‐Suture Incision Closures in Tagged Juvenile Chinook Salmon Exposed to Simulated Turbine Passage,Lab,10.1080/00028487.2011.616827,2011_Boyd_Lab_Efficacy of Single‐Suture Incision Closures in Tagged Juvenile Chinook Salmon Exposed to Simulated Turbine Passage.pdf
2012_Brown,2012,Brown,Pathways of barotrauma in juvenile salmonids exposed to simulated hydroturbine passage Boyle's law vs. Henry's law,Lab,10.1016/j,2012_Brown_Lab_Pathways of barotrauma in juvenile salmonids exposed to simulated hydroturbine passage Boyle's law vs. Henry's law.pdf
2012_Brownb,2012,Brown,Quantifying Mortal Injury of Juvenile Chinook Salmon Exposed to Simulated Hydro-Turbine Passage,Lab,10.1080/00028487.2011.650274,2012_Brown_Lab_Quantifying Mortal Injury of Juvenile Chinook Salmon Exposed to Simulated Hydro-Turbine Passage.pdf
2012_Carlsonb,2012,Carlson,The Influence of Tag Presence on the Mortality of Juvenile Chinook Salmon Exposed to Simulated Hydroturbine Passage,Lab,10.1080/02755947.2012.661384,2012_Carlson_Lab_The Influence of Tag Presence on the Mortality of Juvenile Chinook Salmon Exposed to Simulated Hydroturbine Passage.pdf
2012_Colotelo,2012,Colotelo,The effect of rapid and sustained decompression on barotrauma in juvenile brook lamprey and Pacific lamprey,Lab,10.1016/j,2012_Colotelo_Lab_The effect of rapid and sustained decompression on barotrauma in juvenile brook lamprey and Pacific lamprey.pdf
2012_Jacobsen,2012,Jacobsen,Environmental effects of hydrokinetic turbines on fish desktop and laboratory flume studies,Lab,,2012_Jacobsen_Lab_Environmental effects of hydrokinetic turbines on fish desktop and laboratory flume studies.pdf
2012_Pflugrath,2012,Pflugrath,Maximum Neutral Buoyancy Depth of Juvenile Chinook Salmon Implications for Survival during Hydroturbine Passage,Lab,10.1080/00028487.2012.670187,2012_Pflugrath_Lab_Maximum Neutral Buoyancy Depth of Juvenile Chinook Salmon Implications for Survival during Hydroturbine Passage.pdf
2013_Chamorrow,2013,Chamorrow,Three-dimensional flow visualization in the wake of a miniature axial-flow hydrokinetic turbin,Lab,10.1007/s00348-013-1459-9,2013_Chamorrow_Lab_Three-dimensional flow visualization in the wake of a miniature axial-flow hydrokinetic turbin.pdf
2014_Deng,2014,Deng,Design and implementation of a new autonomous sensor fish to support advanced hydropower development,Lab,10.1063/1.4900543,2014_Deng_Lab_Design and implementation of a new autonomous sensor fish to support advanced hydropower development.pdf
2015_Krakers,2015,Krakers,Full-Scale Validation of a Comprehensive Criterion to Predict Fish-Friendliness of Pumps,Lab,,2015_Krakers_Lab_Full-Scale Validation of a Comprehensive Criterion to Predict Fish-Friendliness of Pumps.pdf
2016_Boys,2016,Boys,A piecewise regression approach for determining biologically relevant hydraulic thresholds for the protection of fishes,Lab,10.1111/jfb.12910,2016_Boys_Lab_A piecewise regression approach for determining biologically relevant hydraulic thresholds for the protection of fishes.pdf
2016_Boysb,2016,Boys,How low can they go with the flow,Lab,10.1242/bio.017491,2016_Boys_Lab_How low can they go with the flow.pdf
2016_Brown,2016,Brown,A preliminary assessment of barotrauma injuries and acclimation studies for three fish species,Lab,,2016_Brown_Lab_A preliminary assessment of barotrauma injuries and acclimation studies for three fish species.pdf
2017_Pflugrath,2017,Pflugrath,Quantifying stressors and predicting injury and mortality in fish passing downstream through weirs and turbines,Lab,10.26190/unsworks/20083,2017_Pflugrath_Lab_Quantifying stressors and predicting injury and mortality in fish passing downstream through weirs and turbines.pdf
2017_Xu,2017,Xu,Experimental investigation on the transport of different fish species in a jet fish pump,Lab,10.1016/j.aquaeng.2017.10.001,2017_Xu_Lab_Experimental investigation on the transport of different fish species in a jet fish pump.pdf
2018_Beirao,2018,Beirao,"Determining barotrauma in the Pictus catfus, Pimelodus pictus experimentally exposed to simulated hydropower turbine",Lab,10.1071/MF18142,"2018_Beirao_Lab_Determining barotrauma in the Pictus catfus, Pimelodus pictus experimentally exposed to simulated hydropower turbine.pdf"
2018_Colotelo,2018,Colotelo,Injury and mortality of two Mekong River species exposed to turbulent shear forces,Lab,10.1071/MF18126,2018_Colotelo_Lab_Injury and mortality of two Mekong River species exposed to turbulent shear forces.pdf
2018_Geist,2018,Geist,Juvenile Chinook Salmon Survival When Exposed to Simulated Dam Passage after Being Implanted with a New Microacoustic,Lab,10.1002/nafm.10198,2018_Geist_Lab_Juvenile Chinook Salmon Survival When Exposed to Simulated Dam Passage after Being Implanted with a New Microacoustic.pdf
2018_Pflugrath,2018,Pflugrath,Predicting hydraulic structure-induced barotrauma in Australian fish species,Lab,10.1071/MF18137,2018_Pflugrath_Lab_Predicting hydraulic structure-induced barotrauma in Australian fish species.pdf
2019_Bevelheimer,2019,Bevelheimer,Mortality and Injury Assessment for Three Species of Fish Exposed to Simulated Turbine Blade Strike,Lab,,2019_Bevelheimer_Lab_Mortality and Injury Assessment for Three Species of Fish Exposed to Simulated Turbine Blade Strike.pdf
2019_Harding,2019,Harding,Experimental Observation of Inertial Particles through Idealized Hydroturbine Distributor Geometry,Lab,10.3390/w11030471,2019_Harding_Lab_Experimental Observation of Inertial Particles through Idealized Hydroturbine Distributor Geometry.pdf
2019_Meng,2019,Meng,Experimental evaluation of the effect of decompression on crucian carps injury during turbine passage,Lab,10.1088/1755-1315/240/4/042008,2019_Meng_Lab_Experimental evaluation of the effect of decompression on crucian carps injury during turbine passage.pdf
2019_Pflugrath,2019,Pflugrath,American eel state of buoyancy and barotrauma susceptibility,Lab,10.1051/kmae/2019012,2019_Pflugrath_Lab_American eel state of buoyancy and barotrauma susceptibility.pdf
2019_Saylor,2019,Saylor,Quantifying mortality and injury susceptibility for two morphologically disparate fishes exposed to simulated turbine,Lab,10.1007/s10750-019-04026-x,2019_Saylor_Lab_Quantifying mortality and injury susceptibility for two morphologically disparate fishes exposed to simulated turbine.pdf
2020_Amaral,2020,Amaral,Improving survival injury and mortality of fish struck by blades with slanted blunt leading edges,Lab,10.1080/24705357.2020.1768166,2020_Amaral_Lab_Improving survival injury and mortality of fish struck by blades with slanted blunt leading edges.pdf
2020_Doyle,2020,Doyle,"Gambusia holbrooki Survive Shear Stress, Pressurization and Avoid Blade Strike in a Simulated Pumped Hydroelectric Scheme",Lab,10.3389/fenvs.2020.563654,"2020_Doyle_Lab_Gambusia holbrooki Survive Shear Stress, Pressurization and Avoid Blade Strike in a Simulated Pumped Hydroelectric Scheme.pdf"
2020_Pflugrath,2020,Pflugrath,The Susceptibility of Juvenile American Shad to rapid decompression and fluid shear exposure,Lab,10.3390/w12020586,2020_Pflugrath_Lab_The Susceptibility of Juvenile American Shad to rapid decompression and fluid shear exposure.pdf
2020_Pflugrathb,2020,Pflugrath,Using transparent fish to observe barotrauma associated with downstream passage through hydropower turbines,Lab,10.1002/rra.3676,2020_Pflugrath_Lab_Using transparent fish to observe barotrauma associated with downstream passage through hydropower turbines.pdf
2020_Saylor,2020,Saylor,Within and Among Fish Species Differences in Simulated Turbine Blade Strike Mortality Limits on the Use of Surrogacy,Lab,10.3390/w12030701,2020_Saylor_Lab_Within and Among Fish Species Differences in Simulated Turbine Blade Strike Mortality Limits on the Use of Surrogacy.pdf
2021_Castro-Santos,2021,Castro-Santos,Effects of plunge pool configuration on downstream passage survival of juvenile blueback herring,Lab,10.1016/j.aaf.2020.05.006,2021_Castro-Santos_Lab_Effects of plunge pool configuration on downstream passage survival of juvenile blueback herring.pdf
2021_Egger,2021,Egger,Comparative swimming performance and behaviour of three benthic fish species The invasive round goby (Neogobius,Lab,10.1111/eff.12592,2021_Egger_Lab_Comparative swimming performance and behaviour of three benthic fish species The invasive round goby (Neogobius.pdf
2021_Pflugrath,2021,Pflugrath,American eel resilience to simulated fluid shear associated with passage through hydroelectric turbines,Lab,10.1051/kmae/2021017,2021_Pflugrath_Lab_American eel resilience to simulated fluid shear associated with passage through hydroelectric turbines.pdf
2021_Saylor,2021,Saylor,Creation of a prototype biomimetic fish to better understand impact trauma caused by hydropower turbine blade strikes,Lab,10.7717/peerj-matsci.16,2021_Saylor_Lab_Creation of a prototype biomimetic fish to better understand impact trauma caused by hydropower turbine blade strikes.pdf
2021_Saylorb,2021,Saylor,Susceptibility of Riverine Fishes to Anthropogenically-linked Trauma Strikes from Hydropower Turbine Blades,Lab,,2021_Saylor_Lab_Susceptibility of Riverine Fishes to Anthropogenically-linked Trauma Strikes from Hydropower Turbine Blades.pdf
2021_Wiegleb,2021,Wiegleb,"Flow, force, behaviour assessment of a prototype hydraulic barrier for invasive fish",Lab,10.1007/s10750-021-04762-z,"2021_Wiegleb_Lab_Flow, force, behaviour assessment of a prototype hydraulic barrier for invasive fish.pdf"
2022_ALPHEUS,2022,ALPHEUS,Fish mortality from prototype turbine,Lab,,2022_ALPHEUS_Lab_Fish mortality from prototype turbine.pdf
2022_Doyle,2022,Doyle,Survival estimates across five life stages of redfin (Perca fluviatilis) exposed to simulated pumped-storage hydropower,Lab,10.1093/conphys/coac017,2022_Doyle_Lab_Survival estimates across five life stages of redfin (Perca fluviatilis) exposed to simulated pumped-storage hydropower.pdf
2022_Meng,2022,Meng,Turbine blade strike tests for evaluation,Lab,10.1088/1755-1315/1037/1/012058,2022_Meng_Lab_Turbine blade strike tests for evaluation.pdf
2022_Nakae,2022,Nakae,Domestication of captive-bred masu salmon leads to decrease in lateral line organs,Lab,10.1038/s41598-022-21195-3,2022_Nakae_Lab_Domestication of captive-bred masu salmon leads to decrease in lateral line organs.pdf
2023_Brinsholm,2023,Brinsholm,Anatomical and pathological characteristics of ribs in the Atlantic salmon (Salmo salar L.) and its relevance to,Lab,,2023_Brinsholm_Lab_Anatomical and pathological characteristics of ribs in the Atlantic salmon (Salmo salar L.) and its relevance to.pdf
2023_Kerr,2023,Kerr,Boyle’s Law ignores dynamic processes in governing barotrauma in fish,Lab,10.1038/s41598-023-46125-9,2023_Kerr_Lab_Boyle’s Law ignores dynamic processes in governing barotrauma in fish.pdf
2023_Kerrb,2023,Kerr,The effects of simulated hydropower turbine rapid decompression on two Neotropical fish species,Lab,10.1016/j.scitotenv.2023.166770,2023_Kerr_Lab_The effects of simulated hydropower turbine rapid decompression on two Neotropical fish species.pdf
2023_Miccoli,2023,Miccoli,"Stress Response to Entrainment Flow Speed near Pump Inlet Fish Screens in Two Model Teleost Species, Anguilla anguilla",Lab,10.3390/fishes8030139,"2023_Miccoli_Lab_Stress Response to Entrainment Flow Speed near Pump Inlet Fish Screens in Two Model Teleost Species, Anguilla anguilla.pdf"
2025_Schneider,2025,Schneider,A barotrauma chamber for the systematic assessment of barotrauma-related injuries in potamodromous European fish,Lab,10.1080/24705357.2025.2541435,2025_Schneider_Lab_A barotrauma chamber for the systematic assessment of barotrauma-related injuries in potamodromous European fish.pdf
2025_Zitek,2025,Zitek,Untersuchung von druckänderungsbedingten,Lab,10.1007/s00506-025-01155-7,2025_Zitek_Lab_Untersuchung von druckänderungsbedingten.pdf
2026_Zitek,2026,Zitek,Sensitivity of larval and juvenile fish with different swim bladder morphology to barotrauma with a special focus on,Lab,10.1038/s41598-025-32670-y,2026_Zitek_Lab_Sensitivity of larval and juvenile fish with different swim bladder morphology to barotrauma with a special focus on.pdf
1990_Saettem,1990,Saettem,NO Waterfall,Field,10.13140/RG.2.1.2521.2564,1990_Saettem_Field_NO Waterfall.pdf
2006_Baumgartner,2006,Baumgartner,Mortality of larval Murray cod (Maccullochella peelii peelii) and golden perch (Macquaria ambigua) associated,Field,10.1071/MF05098,2006_Baumgartner_Field_Mortality of larval Murray cod (Maccullochella peelii peelii) and golden perch (Macquaria ambigua) associated.pdf
2006_Boubee,2006,Boubee,Downstream passage of silver eels at a small hydroelectric facility,Field,,2006_Boubee_Field_Downstream passage of silver eels at a small hydroelectric facility.pdf
2007_Dauble,2007,Dauble,"Biological assessment of the advanced turbine design at Wanapum Dam, 2005",Field,,"2007_Dauble_Field_Biological assessment of the advanced turbine design at Wanapum Dam, 2005.pdf"
2009_Normandeau,2009,Normandeau,Shad movement and mortality,Field,,2009_Normandeau_Field_Shad movement and mortality.pdf
2010_Dengb,2010,Deng,Use of an autonomous sensor to evaluate the biological performance of the advanced turbine at Wanapum Dam,Field,10.1063/1.3501336,2010_Deng_Field_Use of an autonomous sensor to evaluate the biological performance of the advanced turbine at Wanapum Dam.pdf
2011_Duncan,2011,Duncan,Characterization of Fish Passage conditions through a francis turbine cougar dam oregon,Field,,2011_Duncan_Field_Characterization of Fish Passage conditions through a francis turbine cougar dam oregon.pdf
2011_Duncanb,2011,Duncan,Sensor fish study John Day Dam Spillbay 20,Field,,2011_Duncan_Field_Sensor fish study John Day Dam Spillbay 20.pdf
2012_Normandeau,2012,Normandeau,Estimation of survival of adult American shad passed through Francis and Kaplan turbines,Field,,2012_Normandeau_Field_Estimation of survival of adult American shad passed through Francis and Kaplan turbines.pdf
2012_STOWA,2012,STOWA,Visvriendelijkheid van 26 opvoerwerktuigen,Field,,2012_STOWA_Field_Visvriendelijkheid van 26 opvoerwerktuigen.pdf
2012_Winter,2012,Winter,Field test for mortality of eel after passage through Pentair Fairbanks Nijhuis FishFlow turbine,Field,,2012_Winter_Field_Field test for mortality of eel after passage through Pentair Fairbanks Nijhuis FishFlow turbine.pdf
2015_Buysse,2015,Buysse,Evaluation of downstream migration mitigation actions for eel at an Archimedes screw pump pumping station,Field,10.1111/fme.12124,2015_Buysse_Field_Evaluation of downstream migration mitigation actions for eel at an Archimedes screw pump pumping station.pdf
2015_Viehman,2015,Viehman,Fish Interactions with a Commercial-Scale Tidal Energy Device in the Natural Environment,Field,10.1007/s12237-014-9767-8,2015_Viehman_Field_Fish Interactions with a Commercial-Scale Tidal Energy Device in the Natural Environment.pdf
2016_Fu,2016,Fu,Assessing hydraulic conditions through Francis turbines using an autonomous sensor device,Field,10.1016/j.renene.2016.08.029,2016_Fu_Field_Assessing hydraulic conditions through Francis turbines using an autonomous sensor device.pdf
2017_Deng,2017,Deng,Evaluation of boundary dam spillway,Field,,2017_Deng_Field_Evaluation of boundary dam spillway.pdf
2017_Egg,2017,Egg,Improving European Silver Eel (Anguilla anguilla) downstream migration by undershot sluice gate management at a,Field,10.1016/j.ecoleng.2017.05.054,2017_Egg_Field_Improving European Silver Eel (Anguilla anguilla) downstream migration by undershot sluice gate management at a.pdf
2017_Mueller,2017,Mueller,Evaluation of external fish injury caused by hydropower plants based on a novel field-based protocol,Field,10.1111/fme.12229,2017_Mueller_Field_Evaluation of external fish injury caused by hydropower plants based on a novel field-based protocol.pdf
2017_Verhelst,2017,Verhelst,Movement behaviour of large female yellow European eel (Anguilla anguilla L.) in a freshwater polder area,Field,10.1111/eff.12362,2017_Verhelst_Field_Movement behaviour of large female yellow European eel (Anguilla anguilla L.) in a freshwater polder area.pdf
2018_Amaral,2018,Amaral,Survival of fish passing downstream at a small hydropower facility,Field,10.1071/MF18123,2018_Amaral_Field_Survival of fish passing downstream at a small hydropower facility.pdf
2018_Bierschank,2018,Bierschank,Fish injury and mortality at pumping stations a comparison of conventional and fish-friendly pumps,Field,10.1071/MF18116,2018_Bierschank_Field_Fish injury and mortality at pumping stations a comparison of conventional and fish-friendly pumps.pdf
2018_Boys,2018,Boys,Physical and hydraulic forces experienced by fish passing through three different low-head hydropower turbines,Field,10.1071/MF18100,2018_Boys_Field_Physical and hydraulic forces experienced by fish passing through three different low-head hydropower turbines.pdf
2018_Brackley,2018,Brackley,Comparison of damage to live v. euthanized Atlantic salmon Salmo salar smolts from passage through an Archimedean,Field,10.1111/jfb.13596,2018_Brackley_Field_Comparison of damage to live v. euthanized Atlantic salmon Salmo salar smolts from passage through an Archimedean.pdf
2018_Duncan,2018,Duncan,Physical and ecological evaluation of a fish-friendly surface spillway,Field,10.1016/j.ecoleng.2017.10.012,2018_Duncan_Field_Physical and ecological evaluation of a fish-friendly surface spillway.pdf
2018_Normandeau,2018,Normandeau,"Biological Fish Injury and Survival Evaluation at the Regulating Outlet of Cougar Dam, Oregon",Field,,"2018_Normandeau_Field_Biological Fish Injury and Survival Evaluation at the Regulating Outlet of Cougar Dam, Oregon.pdf"
2018_Pander,2018,Pander,Catch‐related fish injury and catch efficiency of stow‐net‐based fish recovery installations for fish‐monitoring at,Field,10.1111/fme.12263,2018_Pander_Field_Catch‐related fish injury and catch efficiency of stow‐net‐based fish recovery installations for fish‐monitoring at.pdf
2019_Bolland,2019,Bolland,Direct and indirect impacts of pumping station operation on downstream migration of critically endangered European,Field,10.1111/fme.12312,2019_Bolland_Field_Direct and indirect impacts of pumping station operation on downstream migration of critically endangered European.pdf
2019_David,2019,David,Use of a novel acoustic ‘listening’ method for detecting pump impellor strike on downstream migrating eels,Field,10.1071/MF19205,2019_David_Field_Use of a novel acoustic ‘listening’ method for detecting pump impellor strike on downstream migrating eels.pdf
2019_Knott,2019,Knott,Fish Passage and Injury Risk at a Surface Bypass of aSmall-Scale Hydropower Plant,Field,10.3390/su11216037,2019_Knott_Field_Fish Passage and Injury Risk at a Surface Bypass of aSmall-Scale Hydropower Plant.pdf
2019_Martinez,2019,Martinez,Characterization of a siphon turbine to accelerate low-head hydropower deployment,Field,,2019_Martinez_Field_Characterization of a siphon turbine to accelerate low-head hydropower deployment.pdf
2019_Martinezb,2019,Martinez,Hydraulic and biological characterization of a large Kaplan turbine,Field,,2019_Martinez_Field_Hydraulic and biological characterization of a large Kaplan turbine.pdf
2019_Martinezc,2019,Martinez,In situ characterization of turbine hydraulic environment to support development of fish-friendly hydropower,Field,10.1016/j.ecoleng.2019.04.028,2019_Martinez_Field_In situ characterization of turbine hydraulic environment to support development of fish-friendly hydropower.pdf
2019_Pflugrathb,2019,Pflugrath,Over or under Autonomous sensor fish reveals why overshot weirs may be safer than undershot weirs for fish passage,Field,10.1016/j.ecoleng.2019.03.010,2019_Pflugrath_Field_Over or under Autonomous sensor fish reveals why overshot weirs may be safer than undershot weirs for fish passage.pdf
2019_Salalila,2019,Salalila,Evaluation of a fish-friendly self-cleaning horizontal,Field,10.1071/MF19194,2019_Salalila_Field_Evaluation of a fish-friendly self-cleaning horizontal.pdf
2019_Tuononen,2019,Tuononen,Fish Community Interactions with Very Low Head (VLH) Turbine Technology,Field,,2019_Tuononen_Field_Fish Community Interactions with Very Low Head (VLH) Turbine Technology.pdf
2020_BenAmmar,2020,BenAmmar,Impact of downstream passage through hydropower plants on the physiological and health status of a critically,Field,10.1016/j.cbpa.2020.110876,2020_BenAmmar_Field_Impact of downstream passage through hydropower plants on the physiological and health status of a critically.pdf
2020_Harrison,2020,Harrison,"A comparison of turbine entrainment rates and seasonal entrainment vulnerability of two sympatric char species,",Field,10.1002/rra.3617,"2020_Harrison_Field_A comparison of turbine entrainment rates and seasonal entrainment vulnerability of two sympatric char species,.pdf"
2020_Martinez,2020,Martinez,In situ characterization of the biological performance of a Francis turbine retrofitted with a modular guide vane,Field,10.1016/j.apenergy.2020.115492,2020_Martinez_Field_In situ characterization of the biological performance of a Francis turbine retrofitted with a modular guide vane.pdf
2020_Mueller,2020,Mueller,Assessing turbine passage effects on internal fish injury and delayed mortality using X-ray imaging,Field,10.7717/peerj.9977,2020_Mueller_Field_Assessing turbine passage effects on internal fish injury and delayed mortality using X-ray imaging.pdf
2020_Pauwels,2020,Pauwels,"Multi-Species Assessment of Injury, Mortality, and Physical Conditions during Downstream Passage through a Large",Field,10.3390/su12208722,"2020_Pauwels_Field_Multi-Species Assessment of Injury, Mortality, and Physical Conditions during Downstream Passage through a Large.pdf"
2020_Reckendorfer,2020,Reckendorfer,Druckverhältnisse in großen Kaplan-Turbinen,Field,,2020_Reckendorfer_Field_Druckverhältnisse in großen Kaplan-Turbinen.pdf
2020_Tuononen,2020,Tuononen,Extent of injury and mortality arising from entrainment of fish through a Very Low Head hydropower turbine in,Field,10.1007/s10750-020-04376-x,2020_Tuononen_Field_Extent of injury and mortality arising from entrainment of fish through a Very Low Head hydropower turbine in.pdf
2020_vanKeekan,2020,vanKeekan,Behavioural responses of eel (Anguilla anguilla) approaching a large pumping station with trash rack using an,Field,10.1111/fme.12427,2020_vanKeekan_Field_Behavioural responses of eel (Anguilla anguilla) approaching a large pumping station with trash rack using an.pdf
2020_vanKeeken,2020,vanKeeken,Migration of silver eel through three water pumping stations in The Netherlands,Field,10.1111/fme.12457,2020_vanKeeken_Field_Migration of silver eel through three water pumping stations in The Netherlands.pdf
2021_Ovidio,2021,Ovidio,Improving bypass performance and passage success of Atlantic salmon smolts at an old fish-hostile hydroelectric power,Field,10.1016/j.ecoleng.2021.106148,2021_Ovidio_Field_Improving bypass performance and passage success of Atlantic salmon smolts at an old fish-hostile hydroelectric power.pdf
2022_Bercovitz,2022,Bercovitz,Evaluation of fish injuries at the outlet of downstream passage devices - preliminary and lab experiments with,Field,10.3850/IAHR-39WC2521716X202255,2022_Bercovitz_Field_Evaluation of fish injuries at the outlet of downstream passage devices - preliminary and lab experiments with.pdf
2022_Mueller,2022,Mueller,Experimental comparison of fish mortality and injuries at innovative and conventional small hydropower plants,Field,10.1111/1365-2664.14236,2022_Mueller_Field_Experimental comparison of fish mortality and injuries at innovative and conventional small hydropower plants.pdf
2022_Watson,2022,Watson,Juvenile Alewife Passage through a Compact Hydropower Turbine,Field,10.1002/nafm.10866,2022_Watson_Field_Juvenile Alewife Passage through a Compact Hydropower Turbine.pdf
2022_Watsonb,2022,Watson,Safe passage of American Eels through a novel hydropower turbine,Field,10.1002/tafs.10385,2022_Watson_Field_Safe passage of American Eels through a novel hydropower turbine.pdf
2023_Harnish,2023,Harnish,Factors affecting powerhouse passage of spring migrant smolts at federally operated hydroelectric dams of the Snake,Field,,2023_Harnish_Field_Factors affecting powerhouse passage of spring migrant smolts at federally operated hydroelectric dams of the Snake.pdf
2023_Knott,2023,Knott,Ecological assessment of the world's first shaft hydropower plant,Field,10.1016/j.rser.2023.113727,2023_Knott_Field_Ecological assessment of the world's first shaft hydropower plant.pdf
2023_Pedron,2023,Pedron,Fish injuries resulting from transient operating conditions in a Brazilian hydropower plant,Field,10.1590/1982-0224-2022-0104,2023_Pedron_Field_Fish injuries resulting from transient operating conditions in a Brazilian hydropower plant.pdf
2024_Romero-Gomez,2024,Romero-Gomez,Sensor Fish Deployments at the Xayaburi Hydropower Plant Measurements and Simulations,Field,,2024_Romero-Gomez_Field_Sensor Fish Deployments at the Xayaburi Hydropower Plant Measurements and Simulations.pdf
2025_Rodger,2025,Rodger,Downstream Migration Success of Atlantic Salmon Smolts in a River Catchment Highly Fragmented by Hydroelectric,Field,10.1111/eff.12821,2025_Rodger_Field_Downstream Migration Success of Atlantic Salmon Smolts in a River Catchment Highly Fragmented by Hydroelectric.pdf
2025_Salalila,2025,Salalila,Autonomous sensor suite for evaluating fish-turbine interactions and environmental impacts in marine renewable,Field,10.1016/j.scitotenv.2025.178710,2025_Salalila_Field_Autonomous sensor suite for evaluating fish-turbine interactions and environmental impacts in marine renewable.pdf
2025_Zillig,2025,Zillig,Comparison of juvenile white sturgeon blade strike survival through a conventional and a novel hydropower turbine,Field,10.1080/24705357.2026.2636289,2025_Zillig_Field_Comparison of juvenile white sturgeon blade strike survival through a conventional and a novel hydropower turbine.pdf
2002_Scheibe,2002,Scheibe,Fish individual-based numerical simulator (FINS) a particle-based model of juvenile salmonid movement and,Numerical,,2002_Scheibe_Numerical_Fish individual-based numerical simulator (FINS) a particle-based model of juvenile salmonid movement and.pdf
2004_Ploskey,2004,Ploskey,Comparison of blade-strike modeling results with empirical data,Numerical,,2004_Ploskey_Numerical_Comparison of blade-strike modeling results with empirical data.pdf
2005_Dengb,2005,Deng,Evaluation of blade strike models for estimating the biological peformance of large kaplan hydro turbines,Numerical,,2005_Deng_Numerical_Evaluation of blade strike models for estimating the biological peformance of large kaplan hydro turbines.pdf
2006_Dresser,2006,Dresser,Wanapum Dam Advanced Hydro Turbine Upgrade Project Part 2 - Evaluation of Fish Passage Test Results Using,Numerical,,2006_Dresser_Numerical_Wanapum Dam Advanced Hydro Turbine Upgrade Project Part 2 - Evaluation of Fish Passage Test Results Using.pdf
2007_Dengb,2007,Deng,Evaluation of blade-strike models for estimating the biological performance of Kaplan turbines,Numerical,10.1016/j.ecolmodel.2007.05.019,2007_Deng_Numerical_Evaluation of blade-strike models for estimating the biological performance of Kaplan turbines.pdf
2008_Ferguson,2008,Ferguson,Combining turbine blade-strike and life cycle models to assess mitigation strategies for fish passing dams,Numerical,10.1139/F08-078,2008_Ferguson_Numerical_Combining turbine blade-strike and life cycle models to assess mitigation strategies for fish passing dams.pdf
2011_Yang,2011,Yang,An optimization method on runner blades in bulb turbine based on CFD analysis,Numerical,10.1007/s11431-010-4261-4,2011_Yang_Numerical_An optimization method on runner blades in bulb turbine based on CFD analysis.pdf
2012_Guenette,2012,Guenette,Numerical prediction of a bulb turbine performance hill chart through RANS simulations,Numerical,10.1088/1755-1315/15/3/032007,2012_Guenette_Numerical_Numerical prediction of a bulb turbine performance hill chart through RANS simulations.pdf
2012_Normandeaub,2012,Normandeau,American shad passage study,Numerical,,2012_Normandeau_Numerical_American shad passage study.pdf
2012_Romero-Gomez,2012,Romero-Gomez,Quantifying the Effect of Kaplan-Type Runner Blade Gaps on Fish-related Flow Conditions,Numerical,10.1088/1755-1315/774/1/012148,2012_Romero-Gomez_Numerical_Quantifying the Effect of Kaplan-Type Runner Blade Gaps on Fish-related Flow Conditions.pdf
2012_Wu,2012,Wu,Numerical prediction and similarity study of pressure fluctuation in a prototype Kaplan turbine and the model turbine,Numerical,10.1016/j.comp,2012_Wu_Numerical_Numerical prediction and similarity study of pressure fluctuation in a prototype Kaplan turbine and the model turbine.pdf
2012_vanEsch,2012,vanEsch,Fish injury and mortality during passage through pumping stations,Numerical,10.1115/1.4006808,2012_vanEsch_Numerical_Fish injury and mortality during passage through pumping stations.pdf
2013_Richmond,2013,Richmond,Simulating Collisions for Hydrokinetic Turbines,Numerical,,2013_Richmond_Numerical_Simulating Collisions for Hydrokinetic Turbines.pdf
2014_Richmond,2014,Richmond,Computational tools to assess turbine biological performance,Numerical,,2014_Richmond_Numerical_Computational tools to assess turbine biological performance.pdf
2014_Richmondb,2014,Richmond,Fish passage through hydropower turbines Simulating blade strike using the discrete element method,Numerical,10.1088/1755-1315/22/6/062010,2014_Richmond_Numerical_Fish passage through hydropower turbines Simulating blade strike using the discrete element method.pdf
2014_Richmondc,2014,Richmond,Quantifying barotrauma risk to juvenile fish during hydro-turbine passage,Numerical,10.1016/j.fishres.2014.01.007,2014_Richmond_Numerical_Quantifying barotrauma risk to juvenile fish during hydro-turbine passage.pdf
2014_Romero-Gomez,2014,Romero-Gomez,Simulating blade-strike on fish passing through marine hydrokinetic turbines,Numerical,10.1016/j.renene.2014.05.051,2014_Romero-Gomez_Numerical_Simulating blade-strike on fish passing through marine hydrokinetic turbines.pdf
2014_vanEsch,2014,vanEsch,Validation of a model to predict fish passage mortality in pumping stations,Numerical,10.1139/cjfas-2014-0035,2014_vanEsch_Numerical_Validation of a model to predict fish passage mortality in pumping stations.pdf
2015_Richmond,2015,Richmond,Comparative Study of Barotrauma Risk during Fish Passage through Kaplan Turbines,Numerical,,2015_Richmond_Numerical_Comparative Study of Barotrauma Risk during Fish Passage through Kaplan Turbines.pdf
2015_Xiao,2015,Xiao,Movement characteristics offish in a jetfish pump,Numerical,10.1016/j.oceaneng.2015.08.039,2015_Xiao_Numerical_Movement characteristics offish in a jetfish pump.pdf
2016_Long,2016,Long,Impact of the internal flow in a jet fish pump on the fish,Numerical,10.1016/j.oceaneng.2016.09.027,2016_Long_Numerical_Impact of the internal flow in a jet fish pump on the fish.pdf
2018_Hou,2018,Hou,A Hydropower Biological Evaluation Toolset (HBET) for Characterizing Hydraulic Conditions and Impacts of,Numerical,10.3390/en11040990,2018_Hou_Numerical_A Hydropower Biological Evaluation Toolset (HBET) for Characterizing Hydraulic Conditions and Impacts of.pdf
2019_Benigni,2019,Benigni,Downstream Fish migration in a Kaplan turbine - Numerical Simulation and Experimental Verification,Numerical,,2019_Benigni_Numerical_Downstream Fish migration in a Kaplan turbine - Numerical Simulation and Experimental Verification.pdf
2019_Klopries,2019,Klopries,Mortality assessment for adult European eels (Anguilla Anguilla) during turbine passage using CFD modelling,Numerical,10.1016/j.renene.2019.09.112,2019_Klopries_Numerical_Mortality assessment for adult European eels (Anguilla Anguilla) during turbine passage using CFD modelling.pdf
2019_Müller,2019,Müller,Numerical analysis of the compromise between power output and fish-friendliness in a vortex power plant,Numerical,10.1080/24705357.2018.1521709,2019_Müller_Numerical_Numerical analysis of the compromise between power output and fish-friendliness in a vortex power plant.pdf
2019_Romero-Gomez,2019,Romero-Gomez,Particle-based evaluations of fish-friendliness in Kaplan turbine,Numerical,10.1088/1755-1315/240/4/042016,2019_Romero-Gomez_Numerical_Particle-based evaluations of fish-friendliness in Kaplan turbine.pdf
2019_Serkowski,2019,Serkowski,Nadir Pressure Exposure Estimates at the McNeary Dam,Numerical,,2019_Serkowski_Numerical_Nadir Pressure Exposure Estimates at the McNeary Dam.pdf
2019_Xu,2019,Xu,Impact of fish locomotion on the internal flow in a jet fish pump,Numerical,10.1016/j.oceaneng.2019.106227,2019_Xu_Numerical_Impact of fish locomotion on the internal flow in a jet fish pump.pdf
2020_Benigni,2020,Benigni,Downstream II,Numerical,,2020_Benigni_Numerical_Downstream II.pdf
2020_Pflugrathc,2020,Pflugrath,Biological Response Models,Numerical,,2020_Pflugrath_Numerical_Biological Response Models.pdf
2020_Xu,2020,Xu,Impact of pressure gradients on fish scales in a jet fish pump,Numerical,10.1016/j.biosystemseng.2019.12.014,2020_Xu_Numerical_Impact of pressure gradients on fish scales in a jet fish pump.pdf
2022_Huang,2022,Huang,FSI simulation of dynamics of fish passing through a tubular turbine,Numerical,10.1007/s42241-022-0014-7,2022_Huang_Numerical_FSI simulation of dynamics of fish passing through a tubular turbine.pdf
2022_Pan,2022,Pan,"Analysis, Design, and Validation of a Vaned Diffuser for Improved Fish Friendliness",Numerical,10.1115/1.4052735,"2022_Pan_Numerical_Analysis, Design, and Validation of a Vaned Diffuser for Improved Fish Friendliness.pdf"
2022_Panb,2022,Pan,Fish damage assessment during the passage through traditional and fish-friendly axial-flow pumps with Lagrangian,Numerical,10.1016/j.oceaneng.2022.111188,2022_Pan_Numerical_Fish damage assessment during the passage through traditional and fish-friendly axial-flow pumps with Lagrangian.pdf
2022_Romero-Gomez,2022,Romero-Gomez,Evaluation of fish-related properties of Kaplan turbines at the design phase simulation-based outcomes vs.,Numerical,10.1088/1755-1315/1079/1/012016,2022_Romero-Gomez_Numerical_Evaluation of fish-related properties of Kaplan turbines at the design phase simulation-based outcomes vs..pdf
2022_Romero-Gomezb,2022,Romero-Gomez,Numerical investigation of inertial sphere impaction on a cylinder in subcritical flow-2,Numerical,10.1080/02726351.2021.1904308,2022_Romero-Gomez_Numerical_Numerical investigation of inertial sphere impaction on a cylinder in subcritical flow-2.pdf
2022_Romero-Gomezc,2022,Romero-Gomez,The bio-hill chart of a Kaplan turbine,Numerical,10.1080/24705357.2020.1830723,2022_Romero-Gomez_Numerical_The bio-hill chart of a Kaplan turbine.pdf
2022_Yang,2022,Yang,Effects of operating condition on fish behavior and fish injury in an axial pump,Numerical,10.1007/s11431-021-1905-6,2022_Yang_Numerical_Effects of operating condition on fish behavior and fish injury in an axial pump.pdf
2022_Zhu,2022,Zhu,Analysis and reduction of the pressure and shear damage probability of fish in a Francis turbine,Numerical,10.1016/j.renene.2022.08.158,2022_Zhu_Numerical_Analysis and reduction of the pressure and shear damage probability of fish in a Francis turbine.pdf
2023_David,2023,David,Numerical simulation of a waterfall in a downstream basin,Numerical,,2023_David_Numerical_Numerical simulation of a waterfall in a downstream basin.pdf
2023_Tomanova,2023,Tomanova,Updated mortality estimation formulae for salmonids passing Francis turbines,Numerical,10.1051/kmae/2023001,2023_Tomanova_Numerical_Updated mortality estimation formulae for salmonids passing Francis turbines.pdf
2023_Yang,2023,Yang,Fish damage due to tubular turbine Experiments and CFD simulations,Numerical,10.1016/j.oceaneng.2023.113881,2023_Yang_Numerical_Fish damage due to tubular turbine Experiments and CFD simulations.pdf
2024_Hamel,2024,Hamel,PhD Estimating Fish Mortality in a Hydroelectric Turbine using Computational,Numerical,,2024_Hamel_Numerical_PhD Estimating Fish Mortality in a Hydroelectric Turbine using Computational.pdf
2024_Kaminski,2024,Kaminski,Computational fluid dynamics simulation of passive downstream fish passage over a weir with OpenFOAM,Numerical,10.1080/24705357.2024.2363770,2024_Kaminski_Numerical_Computational fluid dynamics simulation of passive downstream fish passage over a weir with OpenFOAM.pdf
2024_Romero-Gomezb,2024,Romero-Gomez,Feasibility study for test rig assessments of fish,Numerical,10.1016/j.heliyon.2024.e26846,2024_Romero-Gomez_Numerical_Feasibility study for test rig assessments of fish.pdf
2025_Huang,2025,Huang,Velocity- and pressure-based metrics for estimating strike injuries during fish passage through hydro turbines,Numerical,10.1016/j.rineng.2025.104535,2025_Huang_Numerical_Velocity- and pressure-based metrics for estimating strike injuries during fish passage through hydro turbines.pdf
2025_Kan,2025,Kan,Fish-friendly optimization of low-head axial-flow turbines,Numerical,10.1016/j.oceaneng.2024.120070,2025_Kan_Numerical_Fish-friendly optimization of low-head axial-flow turbines.pdf
2026_Pan,2026,Pan,A novel fish-friendly-twisted blade towards low-head pumped hydro storage assessment of flow distortion-induced,Numerical,10.1016/j.energy.2026.140602,2026_Pan_Numerical_A novel fish-friendly-twisted blade towards low-head pumped hydro storage assessment of flow distortion-induced.pdf
200X_Kemper,200X,Kemper,VisAdvies protocol for testing and evaluating pumping station pumps on fish survivability,Guidelines,,200X_Kemper_Guidelines_VisAdvies protocol for testing and evaluating pumping station pumps on fish survivability.pdf
2014_Boys,2014,Boys,Downstream fish passage criteria for hydropower and irrigation infrastructure in the Murray–Darling Basin,Guidelines,,2014_Boys_Guidelines_Downstream fish passage criteria for hydropower and irrigation infrastructure in the Murray–Darling Basin.pdf
2015_FFS,2015,FFS,Arbeitshilfe zur standörtlichen Evaluierung,Guidelines,,2015_FFS_Guidelines_Arbeitshilfe zur standörtlichen Evaluierung.pdf
2016_LUBW,2016,LUBW,Handreichung Fischschutz und Fischabstieg an Wasserkraftanlagen,Guidelines,,2016_LUBW_Guidelines_Handreichung Fischschutz und Fischabstieg an Wasserkraftanlagen.pdf
2018_NEN,2018,NEN,Draft NEN 8775 fish safety of pumps screws and pressure turbines (Dutch),Guidelines,,2018_NEN_Guidelines_Draft NEN 8775 fish safety of pumps screws and pressure turbines (Dutch).pdf
2019_Alves,2019,Alves,Protocol for the assessment of mortality and injuries in fish larvae associated with their downstream passage,Guidelines,10.1007/s11160-019-09564-0,2019_Alves_Guidelines_Protocol for the assessment of mortality and injuries in fish larvae associated with their downstream passage.pdf
2019_BNT,2019,BNT,Fischschutz und Fischabstieg in Österreich - Endberict,Guidelines,,2019_BNT_Guidelines_Fischschutz und Fischabstieg in Österreich - Endberict.pdf
2019_Wagner,2019,Wagner,Evaluierung von Fischschutz und Fischabstiegsmaßnahmen,Guidelines,,2019_Wagner_Guidelines_Evaluierung von Fischschutz und Fischabstiegsmaßnahmen.pdf
2020_NEN,2020,NEN,NEN 8775 fish safety standard (EN),Guidelines,,2020_NEN_Guidelines_NEN 8775 fish safety standard (EN).pdf
2020_Wolter,2020,Wolter,Fachplanerische Bewertung der Mortalitaet von Fischen an Wasserkraftanlagen (BfN-Skripten 561),Guidelines,,2020_Wolter_Guidelines_Fachplanerische Bewertung der Mortalitaet von Fischen an Wasserkraftanlagen (BfN-Skripten 561).pdf
2022_NLWKN,2022,NLWKN,Leitfaden zur Verwendung fischschonender Pumpen,Guidelines,,2022_NLWKN_Guidelines_Leitfaden zur Verwendung fischschonender Pumpen.pdf
2023_EU,2023,EU,Implementation of Council Regulation on European eel recovery - amendments,Guidelines,,2023_EU_Guidelines_Implementation of Council Regulation on European eel recovery - amendments.pdf
2024_Canada,2024,Canada,Risk to fish from very low head turbine installations,Guidelines,,2024_Canada_Guidelines_Risk to fish from very low head turbine installations.pdf
2008_Deng,2008,Deng,Data overview of sensor data,Misc,,2008_Deng_Misc_Data overview of sensor data.pdf
2012_Qasem,2012,Qasem,Tri-Axial Dynamic Acceleration as a Proxy for Animal Energy Expenditure Should We Be Summing Values or Calculating the,Misc,10.1371/journal.pone.0031187,2012_Qasem_Misc_Tri-Axial Dynamic Acceleration as a Proxy for Animal Energy Expenditure Should We Be Summing Values or Calculating the.pdf
2015_Xylem,2015,Xylem,Pump cavitation and how to avoid it,Misc,,2015_Xylem_Misc_Pump cavitation and how to avoid it.pdf
2016_MacMillan,2016,MacMillan,PPT,Misc,,2016_MacMillan_Misc_PPT.pdf
2016_Pflugrath,2016,Pflugrath,Sensor Fish,Misc,,2016_Pflugrath_Misc_Sensor Fish.pdf
2019_PPT,2019,PPT,Oxford Tidal Turbine Conference,Misc,,2019_PPT_Misc_Oxford Tidal Turbine Conference.pdf
2020_NENb,2020,NEN,NEN 8775 (blank printout),Misc,,2020_NEN_Misc_NEN 8775 (blank printout).pdf
2021_Singh,2021,Singh,BioPA Tutorials,Misc,,2021_Singh_Misc_BioPA Tutorials.pdf
2022_Li,2022,Li,Comparison of Spherical and Fish-shaped Robots on Hydrodynamic and Pressure Characteristics in Static Water,Misc,10.1109/ICMA54519.2022.9856391,2022_Li_Misc_Comparison of Spherical and Fish-shaped Robots on Hydrodynamic and Pressure Characteristics in Static Water.pdf
2023_Salalila,2023,Salalila,Balloon tag manufacturing technique - materials list (JoVE),Misc,10.3791/65632,2023_Salalila_Misc_Balloon tag manufacturing technique - materials list (JoVE).pdf
2023_Salalilab,2023,Salalila,Balloon tag manufacturing technique - protocol (JoVE),Misc,10.3791/65632,2023_Salalila_Misc_Balloon tag manufacturing technique - protocol (JoVE).pdf
2026_Zitekb,2026,Zitek,Supplementary,Misc,,2026_Zitek_Misc_Supplementary.pdf
20XX_Andritz,20XX,Andritz,Fish friendly turbine technology,Misc,,20XX_Andritz_Misc_Fish friendly turbine technology.pdf
20XX_Andritzb,20XX,Andritz,Fish-friendly turbine data (presentation),Misc,,20XX_Andritz_Misc_Fish-friendly turbine data (presentation).pdf
20XX_Beentjes,20XX,Beentjes,NEN 8775 Visveiligheid in de praktijk (presentation),Misc,,20XX_Beentjes_Misc_NEN 8775 Visveiligheid in de praktijk (presentation).pdf
20XX_Lu,20XX,Lu,Theoretical Investigation on Contact Duration in Elastic and Inelastic Collision of a Circular Plate to a Planar Surface,Misc,,20XX_Lu_Misc_Theoretical Investigation on Contact Duration in Elastic and Inelastic Collision of a Circular Plate to a Planar Surface.pdf
20XX_Stork,20XX,Stork,Fish-friendly pump turbine with concrete volute (BVOP VVT),Misc,,20XX_Stork_Misc_Fish-friendly pump turbine with concrete volute (BVOP VVT).pdf
