citation_key,Year,First author,Category,Title,Mechanism(s),Species,Life stage,Fish size,Thresholds/metrics,Mortality/survival,Sample size (n=),Turbine/structure,Methodology,Hypotheses/assumptions,Outcome summary,Confidence,Notes,Source depth
1967_Bell,1967,Bell,Review,A compendium of fish and small hydropower passage,,,Juvenile; Adult,55 cm,,20% mortali; 30% mortali,,Kaplan; Francis,Review/meta-analysis,,,Mined,,Full-text mined
1981_Turbak,1981,Turbak,Review,Analysis of environmental issues related to small-scale hydroelectric development IV fish mortality resulting from,,Smolts (unspec.); Chinook salmon (O. tshawytscha); Salmonids (general),,51-57 mm; 76-127 mm; 89-114 mm; 25-38 mm; 38-51 mm; 89-127 mm,,,,Kaplan; Pumped storage,Review/meta-analysis,,,Mined,,Full-text mined
1983_Ruggles,1983,Ruggles,Review,Fish response to spillways,Gas supersaturation/GBT; Entrainment/impingement/screen,Sockeye/coho (Oncorhynchus); Smolts (unspec.); Salmonids (general); Chinook salmon (O. tshawytscha),,18-20 cm; 50 cm; 18 cm,,8% mortali; 92% surviva; 50% mortali; 115% mortali; 37% mortali; 5.4% mortali; 120% mortali,,Spillway,Review/meta-analysis,,,Mined,,Full-text mined
1996_Lewis,1996,Lewis,Review,Effects of Underwater Explosions on Life in the Sea,,,,,,,,,Review/meta-analysis,,,Mined,,Low text only
1999_Cada,1999,Cada,Review,Exploring the Role of Shear Stress and Severe Turbulence in Downstream Fish Passage,Shear; Turbulence,,,,"strain rate s-1: 30, 600, 50",,,Spillway,Review/meta-analysis,,,Mined,,Full-text mined
1999_Odeh,1999,Odeh,Review,A summary of environmentally friendly turbine design concepts,Shear; Cavitation; Turbulence; Grinding/abrasion/pinch,Salmonids (general),,,"pressure kPa: 48, 68.8, 146, 206, 241, 275",20% mortali; 16% mortali; 0% mortali; 50% mortali; 19% mortali; 6% mortali; 5% mortali,,Kaplan; Francis,Review/meta-analysis,,,Mined,,Full-text mined
2000_Coutant,2000,Coutant,Review,Fish Behavior in Relation to Passage through Hydropower Turbines A Review,Barotrauma/pressure; Turbulence,Salmonids (general); Smolts (unspec.),Juvenile; Smolt; Adult,,,7% mortali; 4% mortali; 5.2% mortali; 5.3% mortali,,,CFD/numerical; Review/meta-analysis,Neutral buoyancy / acclimation depth,,Mined,,Full-text mined
2001_Cada,2001,Cada,Review,The development of advanced hydroelectric turbines to improve fish passage survival,,,,,,,,,Review/meta-analysis,,,Mined,,Low text only
2003_Weiland,2003,Weiland,Review,Technologies for fish passage,,Salmonids (general); Chinook salmon (O. tshawytscha); Smolts (unspec.),,,,,,,Review/meta-analysis,,,Mined,,Full-text mined
2004_Avellan,2004,Avellan,Review,Introduction to cavitation in hydraulc machinery,Cavitation,,,,,,,Pump,Review/meta-analysis,,,Mined,,Full-text mined
2006_Cada,2006,Cada,Review,Efforts to Reduce Mortality to Hydroelectric Turbine-Passed Fish Locating and Quantifying Damaging Shear Stresses,Shear,Rainbow trout/steelhead (O. mykiss); American shad (A. sapidissima); American eel (A. rostrata),,,strain rate s-1: 1007,,,Kaplan,CFD/numerical; Review/meta-analysis,,,Mined,,Full-text mined
2007_Schilt,2007,Schilt,Review,Developing fish passage and protection at hydropower dams,Turbulence,Salmonids (general); Lamprey; American shad (A. sapidissima); Rainbow trout/steelhead (O. mykiss),Juvenile,,,40% mortali; 15% mortali,,Spillway,Review/meta-analysis,,,Mined,,Full-text mined
2011_Amaral,2011,Amaral,Review,Estimating total passage survival for fish migrating downstream at hydropower projects-amaral,Blade strike; Shear; Entrainment/impingement/screen,Atlantic salmon (Salmo salar); Smolts (unspec.),Juvenile; Smolt; Adult,130-210 mm; 650-800 mm; 25-37 mm,,100% surviva; 97.1% surviva; 97% surviva; 70% mortali; 0% surviva,,Spillway,Review/meta-analysis,,,Mined,,Full-text mined
2011_Cada,2011,Cada,Review,Determining the Best Methods for Reducing Fish Mortality,,,,,,,,,Review/meta-analysis,,,Mined,,Full-text mined
2011_Cadab,2011,Cada,Review,The Development of Advanced Hydroelectric Turbines to Improve Fish Passage Survival,Barotrauma/pressure; Shear; Cavitation; Turbulence; Entrainment/impingement/screen,Chinook salmon (O. tshawytscha); Smolts (unspec.); Salmonids (general); Rainbow trout/steelhead (O. mykiss),Juvenile; Adult,,,3% surviva; 98% surviva,,Francis,Review/meta-analysis,,,Mined,,Full-text mined
2011_EPRI,2011,EPRI,Review,Evaluation of Fish Injury and Mortality Associated with Hydrokinetic Turbines,,Rainbow trout/steelhead (O. mykiss),,100-700 mm; 100-150 mm; 225-275 mm,,100% surviva; 97% injurie; 100% mortali,,Hydrokinetic/MHK,Review/meta-analysis,,,Mined,,Full-text mined
2012_Carlson,2012,Carlson,Review,Barotrauma in Fish and Barotrauma Metrics,Barotrauma/pressure,Chinook salmon (O. tshawytscha),,,,,,Kaplan,Review/meta-analysis,Boyle's law; Mechanistic threshold model,,Mined,,Full-text mined
2014_Brown,2014,Brown,Review,Understanding Barotrauma in Fish Passing Hydro,Barotrauma/pressure,Chinook salmon (O. tshawytscha); Rainbow trout/steelhead (O. mykiss); Lamprey; White sturgeon (A. transmontanus),,,"ratio of pressure change is 2; pressure kPa: 0, 1.0, 10, 13.8, 50, 50.5",,,Francis,Review/meta-analysis,,,Mined,,Full-text mined
2014_Hogan,2014,Hogan,Review,The Status of Environmentally Enhanced Hydropower Turbines,,Rainbow trout/steelhead (O. mykiss); Chinook salmon (O. tshawytscha); Smolts (unspec.); European eel (A. anguilla),,147-240 mm,strain rate s-1: 1007,98% surviva; 96.5% surviva; 83.8% surviva; 94.04% surviva; 97.8% surviva; 96.9% surviva; 97.9% surviva; 95.6% surviva,,Francis,Review/meta-analysis,,,Mined,,Full-text mined
2014_Trumbo,2014,Trumbo,Review,Improving hydroturbine pressures to enhance salmon passage survival and recovery,Barotrauma/pressure,Chinook salmon (O. tshawytscha); Salmonids (general); Smolts (unspec.),Juvenile; Smolt; Adult,170-210 mm,"pressure kPa: 0, 13.8, 50, 50.5, 101, 345; strain rate s-1: 1007",80% mortali,,Kaplan; Francis; Spillway,Sensor Fish; Telemetry/tagging; Review/meta-analysis,,,Mined,,Full-text mined
2015_Beirao,2015,Beirao,Review,Avaliação e desenvolvimento de método para estudo de barotrauma em peixes em turbinas de usinas hidrelétricas,Barotrauma/pressure,Chinook salmon (O. tshawytscha),,,,,,,Review/meta-analysis,,,Mined,,Full-text mined
2015_Linnansaari,2015,Linnansaari,Review,FISH PASSAGE IN LARGE RIVERS,,Salmonids (general); Lamprey; Chinook salmon (O. tshawytscha); American shad (A. sapidissima),,,,100% mortali; 100% surviva; 89% surviva; 90% mortali; 99% surviva; 20% mortali,,Kaplan; Francis; Weir; Spillway,Review/meta-analysis,,,Mined,,Full-text mined
2016_Pracheil,2016,Pracheil,Review,A fish-eye view of riverine hydropower systems,Blade strike; Shear; Cavitation,Salmonids (general),Juvenile,,pressure kPa: 0; strain rate s-1: 1007,20% mortali; 35% injurie; 70% surviva; 28% mortali,,Francis,Review/meta-analysis,,,Mined,,Full-text mined
2016_Pracheilb,2016,Pracheil,Review,A traits-based approach for prioritizing species,,White sturgeon (A. transmontanus); Cyprinids (general); Lamprey; Pimelodus maculatus,Adult,,,30% mortali,,,Review/meta-analysis,Surrogacy across species,,Mined,,Full-text mined
2017_Bevelheimer,2017,Bevelheimer,Review,An overview of experimental efforts to understand the mechanisms of fish injury and mortality caused by,Blade strike,Rainbow trout/steelhead (O. mykiss); White sturgeon (A. transmontanus); Brown trout (S. trutta); Salmonids (general),,113-244 mm; 285-789 mm; 106-158 mm; 10-100 mm; 10-30 cm; 248-680 mm,,100% surviva; 65% surviva; 14% mortali; 100% mortali,,Archimedean screw; Hydrokinetic/MHK,Review/meta-analysis,,,Mined,,Full-text mined
2017_Crew,2017,Crew,Review,Literature Review - Fish mortality risks and international regulations associated with downstream passage through,Blade strike; Barotrauma/pressure; Shear; Entrainment/impingement/screen,Salmonids (general); Chinook salmon (O. tshawytscha); Rainbow trout/steelhead (O. mykiss); Bull trout (S. confluentus),,,pressure kPa: 13.8,100% injury; 10% mortali; 58% mortali,15,,Review/meta-analysis,,,Mined,,Full-text mined
2018_Silva,2018,Silva,Review,It’s a catfish Novel approaches are needed to study the effects of rapid decompression on benthic species,Barotrauma/pressure,Pictus catfish (P. pictus); Salmonids (general),Larva; Adult,,"pressure kPa: 50, 101, 101.4, 175.8, 202, 404",,,Francis,Pressure/barotrauma chamber; Review/meta-analysis,Mechanistic threshold model,,Mined,,Full-text mined
2020_Algara,2020,Algara,Review,What are the relative risks of mortality and injury for fish during downstream passage at hydroelectric dams in,Entrainment/impingement/screen,Salmonids (general),,,strain rate s-1: 1186,100% injury,50,Kaplan; Francis; Spillway,Review/meta-analysis,,Systematic review of the relative risks of mortality and injury to fish during downstream passage at temperate-region hydroelectric dams.,Verified,,Full-text mined
2021_Copping,2021,Copping,Review,Are fish in danger A review of environmental effects of marine renewable energy on fishes,,Rainbow trout/steelhead (O. mykiss); White sturgeon (A. transmontanus); Chinook salmon (O. tshawytscha); Crucian carp (Carassius),,,,100% surviva,,Tidal,Review/meta-analysis,,,Mined,,Full-text mined
2021_Coutant,2021,Coutant,Review,Fish Behavior in Relation to Passage through Hydropower Turbines A Review,Barotrauma/pressure; Turbulence,Smolts (unspec.),Juvenile; Smolt; Adult,,,7% mortali; 4% mortali; 5.2% mortali; 5.3% mortali,,,CFD/numerical; Review/meta-analysis,,,Mined,,Full-text mined
2021_Quaranta,2021,Quaranta,Review,Environmentally Enhanced Turbines for Hydropower Plants Current Technology and Future Perspective,Blade strike,European eel (A. anguilla),,,"strain rate s-1: 1007, 3390",98% surviva; 2.5% injury; 97% surviva; 93.6% surviva; 14% surviva,,Kaplan; Francis; Archimedean screw; Very Low Head (VLH); Hydrokinetic/MHK,Review/meta-analysis,,,Mined,,Full-text mined
2021_Radinger,2021,Radinger,Review,Evident but context-dependent mortality of fish passinghydroelectric turbines,,European eel (A. anguilla),,,">275,000 fish, 75 species; mean turbine mortality 22.3% (95% CI 17.5-26.7%)",22.3% mortali; 95% mortali; 31% injurie; 20.2% mortali; 20% mortali; 22% mortali; 100% mortali; 0% mortali,10; 93; 155; 1; 83; 53; 113; 119,,Review/meta-analysis,,"Global meta-analysis: average hydropower-turbine fish mortality 22.3% (CI 17.5-26.7%) after handling/catch correction, but highly variable by turbine type, method and taxon.",Verified,,Full-text mined
2021_Wood,2021,Wood,Review,Leading edge topography of blades–a critical review,Blade strike; Cavitation,,,,,,,Pump,Review/meta-analysis,,,Mined,,Full-text mined
2022_Musa,2022,Musa,Review,Needs and Opportunities for Testing of Hydropower Technology Innovations,Gas supersaturation/GBT,,,,,,,Spillway,Review/meta-analysis,,,Mined,,Full-text mined
2023_Cox,2023,Cox,Review,Fish Injury from Movements across Hydraulic Structures,Barotrauma/pressure; Shear; Turbulence,Cyprinids (general); Salmonids (general),,,RPC = Pa /Pe [48; pressure kPa: 111,,,Spillway,In-situ field assessment; Review/meta-analysis,Mechanistic threshold model,,Mined,,Full-text mined
2023_Koukouvinis,2023,Koukouvinis,Review,State of the Art in Designing Fish-Friendly Turbines - Concepts and Performance Indicators,Barotrauma/pressure,,,,pressure kPa: 90,100% mortali; 80% mortali,,Weir; Pumped storage,CFD/numerical; Review/meta-analysis,,,Mined,,Full-text mined
2025_Martinez,2025,Martinez,Review,A scientific framework for sustainable hydropower with improved fish passage,Barotrauma/pressure; Entrainment/impingement/screen,Salmonids (general); Smolts (unspec.),Juvenile; Smolt; Adult,,"pressure kPa: 1.4, 3.4, 6.9, 9.0, 31.7, 34.5",3.7% injury,,Kaplan,Sensor Fish; In-situ field assessment; Review/meta-analysis,,,Mined,,Full-text mined
2025_Report,2025,Report,Review,Fish mortality at hydropower plants - identifying problems and co-creating solutions,Barotrauma/pressure,,,,,,,Spillway,Review/meta-analysis,,,Mined,,Full-text mined
1928_Evans,1928,Evans,Lab,Observations on the Physiology of the Swim Bladder in Cyprinoid Fishes,Barotrauma/pressure,Cyprinids (general),,,,,,,Blade-strike apparatus,Neutral buoyancy / acclimation depth,,Mined,,Full-text mined
1973_Christian,1973,Christian,Lab,The effects of underwater explosions on swimbladder fish,Barotrauma/pressure; Cavitation,,,,,,,,,,,Mined,,Full-text mined
1983_Feathers,1983,Feathers,Lab,Effects of Depressurization Upon Largemouth Bass,Barotrauma/pressure,Sockeye/coho (Oncorhynchus),,300-380 mm; 150-250 mm,,40% mortali; 60% mortali; 90% mortali; 85% mortali,,Francis,Pressure/barotrauma chamber,,,Mined,,Full-text mined
1995_Watson,1995,Watson,Lab,Allowable gas supersaturation for fish passing hydroelectric dams,Gas supersaturation/GBT,Salmonids (general); Smolts (unspec.),Fry/fingerling; Smolt,130 mm,,,,,,,,Mined,,Full-text mined
2000_Abernethy,2000,Abernethy,Lab,Laboratory Studies of the Effects of pressure and dissolved gases on fish,Gas supersaturation/GBT,Rainbow trout/steelhead (O. mykiss),,,"pressure kPa: 0, 2, 7, 9.799, 10, 50",100% mortali,,Kaplan; Francis; Bulb; Propeller/axial; Spillway,,,,Mined,,Full-text mined
2000_DOE,2000,DOE,Lab,Shear on fish,Shear,Chinook salmon (O. tshawytscha); Rainbow trout/steelhead (O. mykiss); American shad (A. sapidissima),Juvenile,198 mm,,30% mortali,,Spillway,Shear flume/jet,,,Mined,,Full-text mined
2000_Neitzel,2000,Neitzel,Lab,Laboratory Studies on the Effects of Shear on Fish,Shear,Rainbow trout/steelhead (O. mykiss); Chinook salmon (O. tshawytscha); Smolts (unspec.); American shad (A. sapidissima),Juvenile,198 mm,Strain rate as exposure index; 'no observed effect level' strain rate determined,30% mortali,,Spillway,,,Established strain rate as the shear exposure metric (and the jet apparatus later used widely); injury increases with strain rate.,Verified,,Full-text mined
2002_Abernathy,2002,Abernathy,Lab,Simulated passage through a modified Kaplan turbine pressure regime,Gas supersaturation/GBT,Chinook salmon (O. tshawytscha),,,"pressure kPa: 3, 10, 50, 55, 70, 101",120% mortali; 15% mortali; 18.3% mortali,,Kaplan,,,,Mined,,Full-text mined
2002_Odeh,2002,Odeh,Lab,Evaluation of the effects of turbulence on the behavior of migratory fish,Shear; Turbulence,Rainbow trout/steelhead (O. mykiss); Salmonids (general),,21.5-22.8 cm; 56.5-59.3 cm,,,,Pump,,,,Mined,,Full-text mined
2003_Abernethy,2003,Abernethy,Lab,Fish Passage Through a Simulated Bulb Turbine Pressure Regime,Gas supersaturation/GBT,Chinook salmon (O. tshawytscha),,10-12 cm,"pressure kPa: 3, 10, 40, 50, 57, 70",26% injury,,Bulb,,,,Mined,,Full-text mined
2003_Becker,2003,Becker,Lab,Idendifying the effects on fish of changes in water pressure during turbine passage,Barotrauma/pressure,Chinook salmon (O. tshawytscha); Rainbow trout/steelhead (O. mykiss); Salmonids (general),Juvenile,,"pressure kPa: 2, 3.5, 10, 30, 50, 57",,,Kaplan; Francis; Bulb; Propeller/axial,,,,Mined,,Full-text mined
2003_Carlson,2003,Carlson,Lab,Evolution of the sensor fish,,Smolts (unspec.),,,,,,Spillway,Sensor Fish,,,Mined,,Full-text mined
2003_Cook,2003,Cook,Lab,Final report - pilot scale tests Alden concepts NREC turbine,Barotrauma/pressure; Shear,American eel (A. rostrata),,150-200 mm; 75-150 mm; 92-131 mm,"strain rate s-1: 500, 180",100% surviva; 90.3% surviva; 98% surviva; 96% surviva; 92.9% surviva; 91.0% surviva,,Pump,,,,Mined,,Full-text mined
2003_Morris,2003,Morris,Lab,Lateral line pore diameters correlate with the development of gas bubble trauma signs in several Columbia River fishes,Gas supersaturation/GBT; Entrainment/impingement/screen,Chinook salmon (O. tshawytscha); Salmonids (general); Smolts (unspec.),Juvenile; Smolt,,,,,Spillway,,,,Mined,,Full-text mined
2004_Neitzel,2004,Neitzel,Lab,Survival estimates for juvenile fish subjected to a laboratory-generated shear environment,Shear,,Juvenile,,,,,,Shear flume/jet,,,Mined,,Low text only
2004_Ryon,2004,Ryon,Lab,Further tests of changes in fish escape behavior resulting from sublethal stresses associated with hydroelectric turbine,,Rainbow trout/steelhead (O. mykiss),,,,,,,,,,Mined,,Full-text mined
2005_Deng,2005,Deng,Lab,Evaluation of fish-injury mechanisms during exposure to turbulent shear flow,Shear; Turbulence,Chinook salmon (O. tshawytscha); Salmonids (general),Juvenile,93-128 mm; 50.8 cm,6.35-cm jet; onset minor/major/fatal injury at 12.2 / 13.7 / 16.8 m/s (Chinook 93-128 mm),14% mortali; 95% injury; 5% injury,21,Spillway,Shear flume/jet; In-situ field assessment,,"Shear-injury onset for juvenile Chinook: opercle injury ~12.2 m/s, eye injury/bruising/equilibrium loss >=16.8 m/s; acceleration best predicts injury.",Verified,,Full-text mined
2005_Weiland,2005,Weiland,Lab,Characterization of Bead Trajectories Through the Draft Tube of a Turbine Physical Model,Turbulence,,Juvenile,,,,,Kaplan,,,,Mined,,Full-text mined
2006_Escaler,2006,Escaler,Lab,Detection of cavitation in hydraulic turbines,Blade strike; Cavitation,,,,,,,Kaplan; Francis; Pump,,,,Mined,,Full-text mined
2007_Brown,2007,Brown,Lab,Assessment of Barotrauma Resulting from Rapid Decompression of Depth Acclimated Juvenile Chinook Salmon Bearing Radio,Barotrauma/pressure,Chinook salmon (O. tshawytscha),Juvenile; Yearling/sub-adult,126-203 mm; 99-139 mm; 112.4 mm,"pressure kPa: 7, 10, 070, 101, 131, 161",,,,Telemetry/tagging,Neutral buoyancy / acclimation depth,,Mined,,Full-text mined
2007_Deng,2007,Deng,Lab,Six-Degree-of-Freedom Sensor Fish Design and Instrumentation,Shear; Turbulence,Smolts (unspec.),Smolt; Yearling/sub-adult,,,,,,Sensor Fish,Mechanistic threshold model,,Mined,,Full-text mined
2007_McKinstry,2007,McKinstry,Lab,Derivation of a Mortal Injury Metric for Studies of Rapid Decompression of Depth-Acclimated Physostomous Fish,Barotrauma/pressure,Chinook salmon (O. tshawytscha),Juvenile; Smolt,,'Mortally injured' = presence of any of 8 injury types (replaces mortality as endpoint),,,Kaplan,,Neutral buoyancy / acclimation depth; Mechanistic threshold model,"Defined a 'mortal injury' metric for rapid-decompression studies of physostomous fish, improving on raw mortality.",Verified,,Full-text mined
2009_Brown,2009,Brown,Lab,Assessment of barotrauma from rapid decompression of depth-acclimated juvenile chinook salmon bearing radtiotelemetry,Barotrauma/pressure,Chinook salmon (O. tshawytscha),Juvenile; Yearling/sub-adult,126-203 mm; 99-139 mm; 152.5 mm; 112.4 mm,"pressure kPa: 1.8, 2, 2.62, 7, 9.0, 19",,,Francis,Telemetry/tagging,Neutral buoyancy / acclimation depth,,Mined,,Full-text mined
2009_Dobriloff,2009,Dobriloff,Lab,Surface Pressure and Wall Shear Stress Measurements on a Wall Mounted Cylinder,Shear,,,,,,,,CFD/numerical,,,Mined,,Full-text mined
2009_Richmond,2009,Richmond,Lab,Response relationships between juvenile salmon and an autonomous sensor in turbulent flow,Shear; Turbulence,Chinook salmon (O. tshawytscha),Juvenile,92-128 mm; 93-128 mm,,95% injurie; 10% injury; 3.1% injury,,Pump; Spillway,Shear flume/jet; Sensor Fish,Mechanistic threshold model,,Mined,,Full-text mined
200x_Dixon,200x,Dixon,Lab,EPRI-Designing-leading-edges-of-turbine-blades-to-increase-fish-survival-from-blade-strike,Blade strike; Shear; Cavitation; Turbulence; Grinding/abrasion/pinch,Rainbow trout/steelhead (O. mykiss); American eel (A. rostrata); White sturgeon (A. transmontanus),Juvenile; Smolt,,,98% surviva,,,In-situ field assessment,,,Mined,,Full-text mined
2010_Deng,2010,Deng,Lab,Injury and mortality of juvenile salmon entrained in a submerged jet entering still water,Shear; Turbulence,Chinook salmon (O. tshawytscha); Salmonids (general),Juvenile,93-128 mm; 92-128 mm,Jet velocities to 22.9 m/s; minor/major injury onset at 15.2 / 21.3 m/s,10% injurie; 15% injury,,Spillway,Shear flume/jet,Mechanistic threshold model,"Juvenile Chinook in a submerged jet: minor injury onset ~15.2 m/s, major ~21.3 m/s; acceleration magnitude indexes major injury.",Verified,,Full-text mined
2010_Stephenson,2010,Stephenson,Lab,Assessing barotrauma in neutrally and negatively buoyant juvenile salmonids exposed to simulated hydro-turbine,Barotrauma/pressure,Chinook salmon (O. tshawytscha); Salmonids (general),Egg; Juvenile,80-165 mm; 82-180 mm; 112.8 mm; 143.8 mm,"Acclimation/neutral buoyancy decisive (16-h acclimation); injuries: gill emboli, swim-bladder rupture, hemorrhage",,599; 862,Spillway,Pressure/barotrauma chamber,Neutral buoyancy / acclimation depth,Neutrally buoyant juvenile salmonids suffered higher mortality/injury than negatively buoyant fish — fish must be acclimated to neutral buoyancy when assessing barotrauma.,Verified,,Full-text mined
2011_Amaralb,2011,Amaral,Lab,Designing leading edges of turbine blades to increase fish survival from blade strike,Blade strike; Shear; Cavitation; Turbulence; Grinding/abrasion/pinch,Rainbow trout/steelhead (O. mykiss); American eel (A. rostrata); White sturgeon (A. transmontanus),Juvenile; Smolt,,3-30% of fish killed (depends on length/design); thicker/blunter and slower blades safer,98% surviva,,,In-situ field assessment,,Blade strike is often the primary turbine-mortality mechanism (3-30% killed); thicker/blunter leading edges and lower strike speeds markedly improve survival.,Verified,,Full-text mined
2011_Boyd,2011,Boyd,Lab,Efficacy of Single‐Suture Incision Closures in Tagged Juvenile Chinook Salmon Exposed to Simulated Turbine Passage,Barotrauma/pressure,Chinook salmon (O. tshawytscha); Salmonids (general),Juvenile,16-19 mm; 95-135 mm,"pressure kPa: 2, 19.3, 55.2, 75, 82.7, 101",,206; 91; 99,Spillway,Telemetry/tagging,Mechanistic threshold model,,Mined,,Full-text mined
2012_Brown,2012,Brown,Lab,Pathways of barotrauma in juvenile salmonids exposed to simulated hydroturbine passage Boyle's law vs. Henry's law,Barotrauma/pressure,Salmonids (general),Juvenile,,Typical Columbia R. passage ~200->0 kPa; Boyle's law (expansion) vs Henry's law (gas exsolution),,,Spillway,,Boyle's law; Henry's law,"Most rapid-decompression injury in juvenile salmonids is from swim-bladder gas expansion (Boyle's law), not gas coming out of solution (Henry's law).",Verified,,Full-text mined
2012_Brownb,2012,Brown,Lab,Quantifying Mortal Injury of Juvenile Chinook Salmon Exposed to Simulated Hydro-Turbine Passage,Barotrauma/pressure; Shear; Gas supersaturation/GBT,Chinook salmon (O. tshawytscha),Juvenile,71-205 mm,"LRP (P < 0.001; LRP × TDG (P = 0.0005; LRP is a significant (P < 0.0001; LRP greater than 1.5; pressure kPa: 2, 10.3, 13.8, 19.3, 44.1, 62; strain rate s-1: 3390",42.0% injury; 125% mortali,5; 3; 2; 1; 734; 284,Francis,,Mechanistic threshold model,,Mined,,Full-text mined
2012_Carlsonb,2012,Carlson,Lab,The Influence of Tag Presence on the Mortality of Juvenile Chinook Salmon Exposed to Simulated Hydroturbine Passage,Barotrauma/pressure,Chinook salmon (O. tshawytscha); Salmonids (general),Juvenile,,log-ratio of pressure (LRP) + tag burden most predictive of mortal injury,20% surviva; 24.3% injury; 6.2% injury; 92.6% mortali,416,Spillway,Telemetry/tagging,Mechanistic threshold model,Telemetry-tag presence raises barotrauma mortal-injury risk; LRP and tag burden are the strongest predictors — tags can inflate apparent mortality.,Verified,,Full-text mined
2012_Colotelo,2012,Colotelo,Lab,The effect of rapid and sustained decompression on barotrauma in juvenile brook lamprey and Pacific lamprey,Barotrauma/pressure,Chinook salmon (O. tshawytscha); Lamprey; Salmonids (general),Juvenile,80-124 mm; 127-183 mm,Acclimation 146.2 kPa (4.6 m) -> nadir 13.8 kPa (rapid <1 s and sustained 17 min),,15; 20; 12; 3; 9; 2; 23,,,Neutral buoyancy / acclimation depth,Brook & Pacific lamprey showed no mortality/barotrauma up to 120 h at exposures expected to injure/kill ~97.5% of juvenile Chinook — lamprey are largely barotrauma-immune.,Verified,,Full-text mined
2012_Jacobsen,2012,Jacobsen,Lab,Environmental effects of hydrokinetic turbines on fish desktop and laboratory flume studies,Blade strike; Shear,American shad (A. sapidissima); Salmonids (general); Rainbow trout/steelhead (O. mykiss); Atlantic salmon (Salmo salar),Juvenile; Adult,22-23 cm; 57-59 cm,"pressure kPa: 1.6, 2, 460; strain rate s-1: 30, 185, 517, 850, 500, 852",3.1% injury; 1.1% injurie; 86.0% mortali; 80% mortali; 50% mortali,,Hydrokinetic/MHK; Tidal,,,,Mined,,Full-text mined
2012_Pflugrath,2012,Pflugrath,Lab,Maximum Neutral Buoyancy Depth of Juvenile Chinook Salmon Implications for Survival during Hydroturbine Passage,Barotrauma/pressure,Chinook salmon (O. tshawytscha); Salmonids (general),Juvenile,127-226 mm,Max neutral-buoyancy depth of juvenile Chinook = 4.6-11.6 m,,,Kaplan,,Neutral buoyancy / acclimation depth,Juvenile Chinook can acclimate (neutral buoyancy) only to ~4.6-11.6 m; deeper-acclimated fish face far greater barotrauma risk.,Verified,,Full-text mined
2013_Chamorrow,2013,Chamorrow,Lab,Three-dimensional flow visualization in the wake of a miniature axial-flow hydrokinetic turbin,Turbulence,,,12 mm,strain rate s-1: 1007,,,Propeller/axial; Hydrokinetic/MHK,,,,Mined,,Full-text mined
2014_Deng,2014,Deng,Lab,Design and implementation of a new autonomous sensor fish to support advanced hydropower development,Blade strike; Barotrauma/pressure; Shear; Cavitation; Turbulence,,,,,,,Kaplan; Francis; Pump,Sensor Fish; Telemetry/tagging; In-situ field assessment; Review/meta-analysis,,,Mined,,Full-text mined
2015_Krakers,2015,Krakers,Lab,Full-Scale Validation of a Comprehensive Criterion to Predict Fish-Friendliness of Pumps,Blade strike,Cyprinids (general); Salmonids (general),Adult,,,100% surviva; 1.6% mortali; 0% mortali; 4.2% mortali; 85% mortali; 11.1% mortali; 85% surviva,,Propeller/axial; Pump,In-situ field assessment,,,Mined,,Full-text mined
2016_Boys,2016,Boys,Lab,A piecewise regression approach for determining biologically relevant hydraulic thresholds for the protection of fishes,Barotrauma/pressure,Murray cod (M. peelii); Silver perch (B. bidyanus),Juvenile,,Ratio of pressure change R(NE:A); precautionary threshold: keep exposure pressure >70% of acclimation pressure,95% injury; 100% injury; 100% injurie; 40% injury; 0% injury; 100% mortali; 10% mortali,,Weir,Pressure/barotrauma chamber,Mechanistic threshold model,Barotrauma injury in Murray cod & silver perch rises sharply as nadir:acclimation ratio falls; multispecies precautionary threshold ~70% of acclimation pressure.,Verified,,Full-text mined
2016_Boysb,2016,Boys,Lab,How low can they go with the flow,Barotrauma/pressure,Silver perch (B. bidyanus); Golden perch (M. ambigua); Murray cod (M. peelii); White sturgeon (A. transmontanus),Egg; Larva; Juvenile; Adult,,Swim-bladder deflation ~40 kPa (~40% of surface pressure); recommend maintaining >=40% surface pressure,5% mortali; 50% mortali,,Kaplan; Weir,Pressure/barotrauma chamber,,Eggs and larvae are highly vulnerable to rapid decompression (injuries near 100% at low pressures); keeping exposure >=~40% surface pressure is protective.,Verified,,Full-text mined
2016_Brown,2016,Brown,Lab,A preliminary assessment of barotrauma injuries and acclimation studies for three fish species,Barotrauma/pressure,White sturgeon (A. transmontanus),,122-259 mm; 178-319 mm; 242-400 mm; 145-338 mm; 242-324 mm; 145-319 mm,"ratio of pressure change of 2; ratio of pressure change is again 2; RPC was a mean of 979; RPC was a mean of 4.3; pressure kPa: 0, 2.8, 3.4, 4.0, 4.1, 7.2; strain rate s-1: 1007",36% injurie,,Spillway,Pressure/barotrauma chamber,Neutral buoyancy / acclimation depth,,Mined,,Full-text mined
2017_Pflugrath,2017,Pflugrath,Lab,Quantifying stressors and predicting injury and mortality in fish passing downstream through weirs and turbines,Blade strike; Barotrauma/pressure; Shear,Murray cod (M. peelii); Gudgeon (Gobio gobio); Silver perch (B. bidyanus); Chinook salmon (O. tshawytscha),,,,96% injury; 60% mortali; 96% mortali,,Weir,Sensor Fish,Dose-response,,Mined,,Full-text mined
2017_Xu,2017,Xu,Lab,Experimental investigation on the transport of different fish species in a jet fish pump,,Crucian carp (Carassius),,,strain rate s-1: 1007,,,Pump,Review/meta-analysis,,,Mined,,Full-text mined
2018_Beirao,2018,Beirao,Lab,"Determining barotrauma in the Pictus catfus, Pimelodus pictus experimentally exposed to simulated hydropower turbine",Barotrauma/pressure,Pictus catfish (P. pictus),,,"RPC for intestine rupture, at T1; RPC of ,1.2; RPC of ,2.0; RPC (,3.2; pressure kPa: 70.3, 304.1",50% injury,,Spillway,Pressure/barotrauma chamber,,,Mined,,Full-text mined
2018_Colotelo,2018,Colotelo,Lab,Injury and mortality of two Mekong River species exposed to turbulent shear forces,Blade strike; Barotrauma/pressure; Shear; Turbulence,Rainbow trout/steelhead (O. mykiss); Chinook salmon (O. tshawytscha); American shad (A. sapidissima),,45-72 mm; 43-67 mm; 70-86 mm; 58 mm; 56 mm; 76 mm,Jet to 21.3 m/s ~ strain rates up to 1185 s-1,67% mortali; 13% mortali,,Spillway,,,Blue gourami and iridescent shark injury rose with strain rate (to ~1185 s-1); gouramis more susceptible than sharks.,Verified,,Full-text mined
2018_Geist,2018,Geist,Lab,Juvenile Chinook Salmon Survival When Exposed to Simulated Dam Passage after Being Implanted with a New Microacoustic,Barotrauma/pressure; Shear,Chinook salmon (O. tshawytscha); Rainbow trout/steelhead (O. mykiss),Juvenile; Smolt,69-107 mm; 95-135 mm; 66-108 mm; 70-106 mm; 65-104 mm; 95-143 mm,"pressure kPa: 124, 222",6.7% surviva; 96% surviva; 4.7% mortali,399; 308; 10; 8; 7,,Telemetry/tagging,Mechanistic threshold model,,Mined,,Full-text mined
2018_Pflugrath,2018,Pflugrath,Lab,Predicting hydraulic structure-induced barotrauma in Australian fish species,Barotrauma/pressure,Murray cod (M. peelii); Silver perch (B. bidyanus); Gudgeon (Gobio gobio),,,Dose-response logistic models of injury/mortality vs RPC (=acclimation/nadir),50% mortali; 90% mortali,,Weir,Pressure/barotrauma chamber,Surrogacy across species,Species-specific dose-response (RPC) models predict barotrauma injury/mortality for Australian fishes; some injuries strongly predict mortality.,Verified,,Full-text mined
2019_Bevelheimer,2019,Bevelheimer,Lab,Mortality and Injury Assessment for Three Species of Fish Exposed to Simulated Turbine Blade Strike,Blade strike,Rainbow trout/steelhead (O. mykiss),,26-182 mm,"Strike location, orientation, blade thickness and velocity",37.5% surviva; 25% mortali; 40% mortali; 50% mortali; 16% mortali; 35% mortali; 100% surviva; 100% mortali,,Pump; Hydrokinetic/MHK,Blade-strike apparatus,,Mortality higher for midbody>head>tail and lateral>dorsal/ventral strikes; thinner blades and higher velocities increase mortality.,Verified,,Full-text mined
2019_Harding,2019,Harding,Lab,Experimental Observation of Inertial Particles through Idealized Hydroturbine Distributor Geometry,Turbulence,,,,strain rate s-1: 3390,,,Kaplan,CFD/numerical; In-situ field assessment,,,Mined,,Full-text mined
2019_Meng,2019,Meng,Lab,Experimental evaluation of the effect of decompression on crucian carps injury during turbine passage,Barotrauma/pressure,Crucian carp (Carassius),,,,,,,,,,Mined,,Full-text mined
2019_Pflugrath,2019,Pflugrath,Lab,American eel state of buoyancy and barotrauma susceptibility,Blade strike; Barotrauma/pressure,American eel (A. rostrata),,230-423 mm; 216-686 mm; 426 mm,Acclimation 172 kPa; rapid decompression,,,,Pressure/barotrauma chamber,,"Yellow- and silver-phase American eel were resilient to rapid decompression (no instantaneous mortality, minimal injury) — barotrauma not a major concern for American eel.",Verified,,Full-text mined
2019_Saylor,2019,Saylor,Lab,Quantifying mortality and injury susceptibility for two morphologically disparate fishes exposed to simulated turbine,Blade strike,American eel (A. rostrata),Juvenile; Smolt; Adult,45.7-67.5 cm; 53.9 cm,Simulated strike; varied blade thickness and velocity,100% mortali; 73% mortali; 90% mortali; 50.0% mortali; 71.4% mortali; 83.3% mortali; 33.3% mortali; 9% mortali; 71.7% mortali; 12% mortali,73; 377; 19; 57; 70; 151; 175; 9,Pump,Blade-strike apparatus,,Anguilliform American eel resisted blade strike (low mortality even at highest velocity); laterally-compressed bluegill suffered high mortality regardless of blade/velocity — body shape governs strike vulnerability.,Verified,,Full-text mined
2020_Amaral,2020,Amaral,Lab,Improving survival injury and mortality of fish struck by blades with slanted blunt leading edges,Blade strike,Rainbow trout/steelhead (O. mykiss),,110-163 mm; 182-236 mm; 400 mm,100-mm blade @10 m/s: L/t=2 -> 98% survival at 30deg slant vs 26.8% at 90deg; 200-mm fish 68% (strike at 0.58 body) vs 7.9% (0.36),100% surviva; 92% surviva; 98% surviva; 68% surviva; 68% survive; 7.9% survive; 94% mortali; 96% surviva,,Francis,,,"Slanted, blunt leading edges sharply raise strike survival (98% vs 27% at 30deg vs 90deg, 10 m/s); survival depends strongly on strike location and fish-length:blade-thickness ratio.",Verified,,Full-text mined
2020_Doyle,2020,Doyle,Lab,"Gambusia holbrooki Survive Shear Stress, Pressurization and Avoid Blade Strike in a Simulated Pumped Hydroelectric Scheme",Blade strike; Shear,Mosquitofish (Gambusia),Egg; Larva; Juvenile; Adult,,"pressure kPa: 000, 070, 100, 200, 600; strain rate s-1: 853, 000, 200, 852, 008, 688",95% surviva; 93% surviva; 100% surviva; 80% surviva; 6.1% surviva,,Francis; Pumped storage,,,,Mined,,Full-text mined
2020_Pflugrath,2020,Pflugrath,Lab,The Susceptibility of Juvenile American Shad to rapid decompression and fluid shear exposure,Barotrauma/pressure; Shear,American shad (A. sapidissima),Juvenile; Adult,53-85 mm; 35-86 mm; 55 cm,Dose-response models for rapid decompression and fluid shear,20% injury,197; 173,Spillway,,,Juvenile American shad dose-response models developed for both rapid decompression and fluid shear to guide hydropower operation.,Verified,,Full-text mined
2020_Pflugrathb,2020,Pflugrath,Lab,Using transparent fish to observe barotrauma associated with downstream passage through hydropower turbines,Barotrauma/pressure,Chinook salmon (O. tshawytscha); Rainbow trout/steelhead (O. mykiss); Salmonids (general),Juvenile,,"RPC median of 6.3; RPC from 3.0; RPC of 10.0; RPC of 8.6; pressure kPa: 7, 11.0, 12.8, 13.1, 33.7, 46.9",,28,,Imaging/necropsy/histology; Review/meta-analysis,Boyle's law,,Mined,,Full-text mined
2020_Saylor,2020,Saylor,Lab,Within and Among Fish Species Differences in Simulated Turbine Blade Strike Mortality Limits on the Use of Surrogacy,Blade strike,Rainbow trout/steelhead (O. mykiss); Salmonids (general),,16.5-31.5 cm; 10.0-25.0 cm,Dose-response strike trials across salmonids/clupeids,15.8% mortali; 7% injured; 70% survivo; 20% surviva; 7% mortali; 7% survivo; 20% survivo,227; 276; 197; 158; 40; 8; 6,Kaplan; Francis; Propeller/axial,Blade-strike apparatus,Surrogacy across species,Strike mortality varies within and among species; salmonid surrogacy for untested species is unreliable — size and morphology matter.,Verified,,Full-text mined
2021_Castro-Santos,2021,Castro-Santos,Lab,Effects of plunge pool configuration on downstream passage survival of juvenile blueback herring,Turbulence,Blueback herring (A. aestivalis),Juvenile,60-180 cm,strain rate s-1: 1007,80% surviva; 19% mortali; 90% surviva,,Weir; Spillway,,,,Mined,,Full-text mined
2021_Egger,2021,Egger,Lab,Comparative swimming performance and behaviour of three benthic fish species The invasive round goby (Neogobius,,Round goby (N. melanostomus); Bullhead (Cottus gobio); Gudgeon (Gobio gobio),,,,,,Weir,,,,Mined,,Full-text mined
2021_Pflugrath,2021,Pflugrath,Lab,American eel resilience to simulated fluid shear associated with passage through hydroelectric turbines,Blade strike; Barotrauma/pressure; Shear; Grinding/abrasion/pinch,American eel (A. rostrata); European eel (A. anguilla),Adult,26.5-45.3 cm; 34.0 cm; 60 cm,Jet strain rate >800 s-1; no immediate or 48-h injury,40% mortali; 35% mortali; 99% injury; 100% mortali,,,,,American eel showed no injury at severe shear (>800 s-1); eel turbine injury is more likely from blade strike/pinching/grinding (>40% mortality reported for adult eel at turbines).,Verified,,Full-text mined
2021_Saylor,2021,Saylor,Lab,Creation of a prototype biomimetic fish to better understand impact trauma caused by hydropower turbine blade strikes,Blade strike,Rainbow trout/steelhead (O. mykiss); American eel (A. rostrata),,16 cm,Gelatin biomimetic fish with embedded accelerometer,,3,,Blade-strike apparatus,Dose-response,Built a biomimetic 'fish' (gelatin + accelerometer) to link measured impact forces to live-fish blade-strike dose-response.,Verified,,Full-text mined
2021_Saylorb,2021,Saylor,Lab,Susceptibility of Riverine Fishes to Anthropogenically-linked Trauma Strikes from Hydropower Turbine Blades,,Rainbow trout/steelhead (O. mykiss); American shad (A. sapidissima); Blueback herring (A. aestivalis); American eel (A. rostrata),,10.1-14.9 cm; 20.1-31.6 cm; 300 mm,,,3,,,,,Mined,,Full-text mined
2021_Wiegleb,2021,Wiegleb,Lab,"Flow, force, behaviour assessment of a prototype hydraulic barrier for invasive fish",,Round goby (N. melanostomus); Bullhead (Cottus gobio); Gudgeon (Gobio gobio),,11.0 cm,strain rate s-1: 1007,,7; 5,,In-situ field assessment,,,Mined,,Full-text mined
2022_ALPHEUS,2022,ALPHEUS,Lab,Fish mortality from prototype turbine,Blade strike; Barotrauma/pressure; Shear; Cavitation; Turbulence,Atlantic salmon (Salmo salar); European eel (A. anguilla),,76-305 mm; 76-229 mm; 10-25 mm; 682-720 mm; 26-76 mm,"pressure kPa: 2, 7, 87; strain rate s-1: 688, 341, 500, 150",15% mortali,,Kaplan,,,,Mined,,Full-text mined
2022_Doyle,2022,Doyle,Lab,Survival estimates across five life stages of redfin (Perca fluviatilis) exposed to simulated pumped-storage hydropower,Blade strike; Shear,Redfin perch (P. fluviatilis),Egg; Larva; Juvenile; Adult,60-80 mm,"pressure kPa: 10, 1100, 1277, 5000, 6000, 7000; strain rate s-1: 530, 2002, 353, 9265, 1853, 8407",82.69% surviva; 100% surviva; 0% surviva; 95% surviva,15; 10,Pumped storage,,,,Mined,,Full-text mined
2022_Meng,2022,Meng,Lab,Turbine blade strike tests for evaluation,Blade strike; Shear,Crucian carp (Carassius),,,"Variables: fish length, blade thickness, strike angle and speed",10.88% mortali; 80.5% injury; 20% mortali,,,CFD/numerical,,Injury severity is driven mainly by strike speed (at fixed blade thickness/fish length); blade-thickness:fish-length ratio also affects injury rate.,Verified,,Full-text mined
2022_Nakae,2022,Nakae,Lab,Domestication of captive-bred masu salmon leads to decrease in lateral line organs,,Masu salmon (O. masou); Salmonids (general),,38.1-55.3 mm; 66.7-98.1 mm; 91.2-108.8 mm; 42.4-139.2 mm,strain rate s-1: 1038,,30; 48,,,,,Mined,,Full-text mined
2023_Brinsholm,2023,Brinsholm,Lab,Anatomical and pathological characteristics of ribs in the Atlantic salmon (Salmo salar L.) and its relevance to,,Atlantic salmon (Salmo salar),,,,,,,,,,Mined,,Low text only
2023_Kerr,2023,Kerr,Lab,Boyle’s Law ignores dynamic processes in governing barotrauma in fish,Barotrauma/pressure,Pictus catfish (P. pictus); Chinook salmon (O. tshawytscha),,,Boyle's law vs Modified Rayleigh-Plesset model; diverge near-zero nadir and under liquid tension,,,Pump,In-situ field assessment,Boyle's law,Static Boyle's-law assumption underestimates dynamic swim-bladder behaviour at extreme/near-zero nadir; a dynamic (Rayleigh-Plesset) model better represents barotrauma.,Verified,,Full-text mined
2023_Kerrb,2023,Kerr,Lab,The effects of simulated hydropower turbine rapid decompression on two Neotropical fish species,Barotrauma/pressure,Pictus catfish (P. pictus); Murray cod (M. peelii); Silver perch (B. bidyanus); Crucian carp (Carassius),,154-11 mm; 150-16 mm,50% swim-bladder rupture at RPC 2.2 (piracanjuba) and 1.75 (pacu); some injury at very low RPC,20% injury,5; 3,,Pressure/barotrauma chamber,,In two Neotropical species injury incidence/intensity rose with RPC; 50% swim-bladder rupture at RPC ~1.75-2.2.,Verified,,Full-text mined
2023_Miccoli,2023,Miccoli,Lab,"Stress Response to Entrainment Flow Speed near Pump Inlet Fish Screens in Two Model Teleost Species, Anguilla anguilla",Entrainment/impingement/screen,Rainbow trout/steelhead (O. mykiss); European eel (A. anguilla),,10-120 cm,,100% surviva; 0% mortali,50; 25; 5; 65; 61,Pump,,,,Mined,,Full-text mined
2025_Schneider,2025,Schneider,Lab,A barotrauma chamber for the systematic assessment of barotrauma-related injuries in potamodromous European fish,Barotrauma/pressure,Atlantic salmon (Salmo salar); Salmonids (general),Juvenile; Adult,40 cm; 80 mm,Chamber operating range 14-450 kPa,,,Francis,Pressure/barotrauma chamber,,Describes an acclimation-controlled barotrauma chamber (14-450 kPa) for systematic assessment of barotrauma in potamodromous European species.,Verified,,Full-text mined
2025_Zitek,2025,Zitek,Lab,Untersuchung von druckänderungsbedingten,Barotrauma/pressure,Cyprinids (general); Crucian carp (Carassius); Chinook salmon (O. tshawytscha); Salmonids (general),Larva; Juvenile,11-13 mm; 17-23 mm; 15-16 mm,"pressure kPa: 10, 15, 19, 25, 29, 30; strain rate s-1: 1007",50% mortali; 95% mortali,70,Kaplan,,,,Mined,,Full-text mined
2026_Zitek,2026,Zitek,Lab,Sensitivity of larval and juvenile fish with different swim bladder morphology to barotrauma with a special focus on,Barotrauma/pressure,Redfin perch (P. fluviatilis),Larva; Juvenile,,"Acclimation 0/15 m (101/251 kPa); nadirs 15,30,40,60 kPa; dose-response lethal-injury curves",100% mortali; 50% injury; 8% injury; 9% mortali; 50% mortali; 94% mortali; 72% mortali; 10% mortali,130; 70; 15; 18; 33; 14; 11; 48,Kaplan,,Dose-response; Neutral buoyancy / acclimation depth,Physostomous cypriniform larvae/juveniles showed the HIGHEST barotrauma vulnerability (counter to usual physostome-tolerance assumption); risk lower under partial-load operation.,Verified,,Full-text mined
1990_Saettem,1990,Saettem,Field,NO Waterfall,,Atlantic salmon (Salmo salar); Brown trout (S. trutta),Juvenile,,,,,,,,,Mined,,Full-text mined
2006_Baumgartner,2006,Baumgartner,Field,Mortality of larval Murray cod (Maccullochella peelii peelii) and golden perch (Macquaria ambigua) associated,Turbulence,Murray cod (M. peelii); Golden perch (M. ambigua),Larva; Juvenile,10-13 mm; 14-16 mm,,,4,Weir,,,,Mined,,Full-text mined
2006_Boubee,2006,Boubee,Field,Downstream passage of silver eels at a small hydroelectric facility,Entrainment/impingement/screen,European eel (A. anguilla),Adult,852-101 mm; 078-177 mm; 837-98 mm; 817-88 mm; 550-750 mm; 150-250 mm,,,,Spillway,,,,Mined,,Full-text mined
2007_Dauble,2007,Dauble,Field,"Biological assessment of the advanced turbine design at Wanapum Dam, 2005",Blade strike; Shear,Salmonids (general),Juvenile,135-215 mm,,3.1% injury; 1.1% injury,,Kaplan,,,,Mined,,Full-text mined
2009_Normandeau,2009,Normandeau,Field,Shad movement and mortality,,,Yearling/sub-adult; Adult,156-450 mm; 451-769 mm; 105-646 mm; 452-769 mm; 326-562 mm; 296-433 mm,,40% mortali; 88.9% surviva; 22% injury; 75.5% surviva; 20% injurie; 95% surviva; 90% surviva; 8% survive; 100% surviva,,Kaplan; Propeller/axial,,,,Mined,,Full-text mined
2010_Dengb,2010,Deng,Field,Use of an autonomous sensor to evaluate the biological performance of the advanced turbine at Wanapum Dam,Turbulence,Chinook salmon (O. tshawytscha),Juvenile,,"pressure kPa: 23, 70",,,Kaplan; Spillway,Sensor Fish; Mark-recapture/balloon-net,,,Mined,,Full-text mined
2011_Duncan,2011,Duncan,Field,Characterization of Fish Passage conditions through a francis turbine cougar dam oregon,Shear,Chinook salmon (O. tshawytscha); Salmonids (general),Juvenile,,,,13; 35; 19; 16; 1; 2; 14; 10,Francis,Sensor Fish; Mark-recapture/balloon-net; In-situ field assessment,,,Mined,,Full-text mined
2011_Duncanb,2011,Duncan,Field,Sensor fish study John Day Dam Spillbay 20,Shear; Turbulence,Chinook salmon (O. tshawytscha),,119-164 mm,,95% surviva,47; 17; 15,Weir; Spillway,Sensor Fish,,,Mined,,Full-text mined
2012_Normandeau,2012,Normandeau,Field,Estimation of survival of adult American shad passed through Francis and Kaplan turbines,Entrainment/impingement/screen,American shad (A. sapidissima),Juvenile; Adult,330-590 mm; 330-520 mm; 430-560 mm; 430-570 mm; 314-653 mm; 305-600 mm,Conowingo; Francis Unit 2 & Kaplan Unit 8; 1-h and 48-h survival; n~100-101 per unit (HI-Z balloon tag),10% surviva; 100% surviva; 93.0% surviva; 88.3% surviva; 86.3% surviva; 20% injurie; 75.0% injurie; 66.7% injured; 63.0% injured; 84.1% surviva,,Kaplan; Francis,In-situ field assessment,,Direct 1-h and 48-h passage survival/injury estimates for adult American shad through Francis and Kaplan units at Conowingo (FERC relicensing).,Verified,,Full-text mined
2012_STOWA,2012,STOWA,Field,Visvriendelijkheid van 26 opvoerwerktuigen,,,,15-30 cm; 20-30 cm; 50-60 cm,,,,,,,,Mined,,Full-text mined
2012_Winter,2012,Winter,Field,Field test for mortality of eel after passage through Pentair Fairbanks Nijhuis FishFlow turbine,,European eel (A. anguilla),,37-84 cm; 28-55 cm,,0.9% mortali; 4% injurie; 95% mortali; 1.3% mortali,2; 0,Kaplan; Pump,In-situ field assessment,,,Mined,,Full-text mined
2015_Buysse,2015,Buysse,Field,Evaluation of downstream migration mitigation actions for eel at an Archimedes screw pump pumping station,Grinding/abrasion/pinch,European eel (A. anguilla),,205-955 mm; 212-968 mm; 314-750 mm; 115-685 mm; 501-700 mm; 301-500 mm,,4% mortali; 6% mortali; 8% mortali,72; 291; 363; 145; 225; 20; 55; 119,Pump; Archimedean screw,,,,Mined,,Full-text mined
2015_Viehman,2015,Viehman,Field,Fish Interactions with a Commercial-Scale Tidal Energy Device in the Natural Environment,Blade strike; Barotrauma/pressure; Shear; Cavitation,American eel (A. rostrata),Juvenile; Adult,19 cm; 42 cm,strain rate s-1: 1007,46% mortali,,Hydrokinetic/MHK; Tidal,Telemetry/tagging,,,Mined,,Full-text mined
2016_Fu,2016,Fu,Field,Assessing hydraulic conditions through Francis turbines using an autonomous sensor device,Barotrauma/pressure; Shear,Chinook salmon (O. tshawytscha); Salmonids (general); Rainbow trout/steelhead (O. mykiss); Smolts (unspec.),,223 mm,"pressure kPa: 6, 24, 42, 50, 56, 71",5% mortali; 60% mortali; 11.1% surviva; 54.1% surviva; 37.1% surviva; 42.4% surviva,,Kaplan; Francis,Sensor Fish; In-situ field assessment,,,Mined,,Full-text mined
2017_Deng,2017,Deng,Field,Evaluation of boundary dam spillway,Shear; Gas supersaturation/GBT,Salmonids (general); Smolts (unspec.),Juvenile; Smolt,,"pressure kPa: 455, 758, 896",,,Spillway,Sensor Fish,,,Mined,,Full-text mined
2017_Egg,2017,Egg,Field,Improving European Silver Eel (Anguilla anguilla) downstream migration by undershot sluice gate management at a,Entrainment/impingement/screen,European eel (A. anguilla),Egg,,,100% mortali,,Kaplan; Weir,,,,Mined,,Full-text mined
2017_Mueller,2017,Mueller,Field,Evaluation of external fish injury caused by hydropower plants based on a novel field-based protocol,Barotrauma/pressure; Shear; Cavitation; Turbulence,European eel (A. anguilla); Brown trout (S. trutta); Cyprinids (general); Redfin perch (P. fluviatilis),,,,1% injury; 5% injury; 70% mortali,210; 631; 951; 1295; 60; 188; 183; 113,Kaplan; Francis; Archimedean screw,In-situ field assessment,,,Mined,,Full-text mined
2017_Verhelst,2017,Verhelst,Field,Movement behaviour of large female yellow European eel (Anguilla anguilla L.) in a freshwater polder area,,European eel (A. anguilla),,,,,11; 28; 4; 9; 52; 25; 19; 8,Pump; Weir; Tidal,Telemetry/tagging,,,Mined,,Full-text mined
2018_Amaral,2018,Amaral,Field,Survival of fish passing downstream at a small hydropower facility,Entrainment/impingement/screen,Cyprinids (general); Chinook salmon (O. tshawytscha); Salmonids (general); Common carp (C. carpio),,201-380 mm; 50-650 mm; 650 mm; 100 mm,Total project survival 77.3% (10% gate bypass) to 96.6% (90% bypass); 85% of fish pass trash racks,77.3% surviva; 99% surviva; 0% surviva; 36.6% surviva; 15.4% surviva; 100% mortali; 98.9% surviva; 95% surviva; 28% mortali; 91% surviva,,Spillway,,,Estimated 77-97% total downstream-passage survival at a small hydropower project depending on bypass use; population effects expected negligible.,Verified,,Full-text mined
2018_Bierschank,2018,Bierschank,Field,Fish injury and mortality at pumping stations a comparison of conventional and fish-friendly pumps,Blade strike; Barotrauma/pressure; Shear; Cavitation; Turbulence,Redfin perch (P. fluviatilis); Common carp (C. carpio); European eel (A. anguilla); Crucian carp (Carassius),,,,5% mortali; 40% mortali; 34% mortali; 9% mortali; 10% mortali,55; 21; 6; 117; 2; 43; 8; 461,Pump,,,,Mined,,Full-text mined
2018_Boys,2018,Boys,Field,Physical and hydraulic forces experienced by fish passing through three different low-head hydropower turbines,Barotrauma/pressure; Shear,Chinook salmon (O. tshawytscha); Smolts (unspec.); Atlantic salmon (Salmo salar); Salmonids (general),,,"RPC of 0.7; RPC of 0.71; RPC of 0.82; RPC of 0.92; pressure kPa: 0.04, 0.07, 1.4, 4.9, 5.3, 6.6",,,Kaplan; Archimedean screw; Very Low Head (VLH),Sensor Fish,Neutral buoyancy / acclimation depth,,Mined,,Full-text mined
2018_Brackley,2018,Brackley,Field,Comparison of damage to live v. euthanized Atlantic salmon Salmo salar smolts from passage through an Archimedean,Grinding/abrasion/pinch,Atlantic salmon (Salmo salar); Smolts (unspec.),Larva; Juvenile; Smolt,161-202 mm; 163-196 mm,,,153; 30,Archimedean screw,In-situ field assessment,,,Mined,,Full-text mined
2018_Duncan,2018,Duncan,Field,Physical and ecological evaluation of a fish-friendly surface spillway,Gas supersaturation/GBT,Salmonids (general),Juvenile,,,,,Weir; Spillway,Sensor Fish,,,Mined,,Full-text mined
2018_Normandeau,2018,Normandeau,Field,"Biological Fish Injury and Survival Evaluation at the Regulating Outlet of Cougar Dam, Oregon",Shear,Chinook salmon (O. tshawytscha),Juvenile,160-283 mm; 173-279 mm; 203-265 mm; 127-209 mm,,20% injurie; 25% mortali; 13.2% injury; 7.7% injury; 83.2% injury; 5.0% surviva; 100% surviva; 20% injury; 88.2% surviva; 3.3% injurie,,Spillway,Mark-recapture/balloon-net,,,Mined,,Full-text mined
2018_Pander,2018,Pander,Field,Catch‐related fish injury and catch efficiency of stow‐net‐based fish recovery installations for fish‐monitoring at,,Brown trout (S. trutta); Redfin perch (P. fluviatilis); Salmonids (general),,30-20 mm,,18% mortali; 80% mortali; 84% mortali; 44% mortali,,Spillway,,,,Mined,,Full-text mined
2019_Bolland,2019,Bolland,Field,Direct and indirect impacts of pumping station operation on downstream migration of critically endangered European,Entrainment/impingement/screen,European eel (A. anguilla),,,,96.5% survive; 26% surviva,12; 56; 17; 10; 11; 13; 7; 18,Propeller/axial; Pump,Telemetry/tagging; Mark-recapture/balloon-net,,,Mined,,Full-text mined
2019_David,2019,David,Field,Use of a novel acoustic ‘listening’ method for detecting pump impellor strike on downstream migrating eels,Blade strike; Shear,Crucian carp (Carassius),,600 mm,,,,Pump,,,,Mined,,Full-text mined
2019_Knott,2019,Knott,Field,Fish Passage and Injury Risk at a Surface Bypass of aSmall-Scale Hydropower Plant,Entrainment/impingement/screen,Brown trout (S. trutta); Smolts (unspec.); Atlantic salmon (Salmo salar); European eel (A. anguilla),,19.6 cm; 18.2 cm; 29.4 cm; 20 cm,strain rate s-1: 3390,5% injury,,Kaplan; Pump; Spillway,,,,Mined,,Full-text mined
2019_Martinez,2019,Martinez,Field,Characterization of a siphon turbine to accelerate low-head hydropower deployment,Barotrauma/pressure,Chinook salmon (O. tshawytscha); Silver perch (B. bidyanus); Salmonids (general),,,"pressure kPa: 21.8, 22.4, 53.8, 67.1, 76.2, 101",27.9% injury; 44.4% injury; 40% injury,,Siphon,Sensor Fish,,,Mined,,Full-text mined
2019_Martinezb,2019,Martinez,Field,Hydraulic and biological characterization of a large Kaplan turbine,Barotrauma/pressure,Chinook salmon (O. tshawytscha); Salmonids (general),,,"pressure kPa: 1.10, 6.9, 24.1, 101, 106, 344",100% injury,,Kaplan,Sensor Fish,,,Mined,,Full-text mined
2019_Martinezc,2019,Martinez,Field,In situ characterization of turbine hydraulic environment to support development of fish-friendly hydropower,Barotrauma/pressure,Cyprinids (general),,89.9 mm,"ratio of pressure change dropped below 0.4; pressure kPa: 99, 101, 126, 365, 1907",12% injury; 95% surviva; 97.0% surviva,,Francis,Sensor Fish; In-situ field assessment,Dose-response,,Mined,,Full-text mined
2019_Pflugrathb,2019,Pflugrath,Field,Over or under Autonomous sensor fish reveals why overshot weirs may be safer than undershot weirs for fish passage,Barotrauma/pressure; Shear,Chinook salmon (O. tshawytscha); Murray cod (M. peelii); Silver perch (B. bidyanus); Golden perch (M. ambigua),Egg; Larva; Juvenile; Adult,89.9 mm,"RPC would be approximately 1.0; pressure kPa: 2.1, 101.4, 125",5% injury; 40% mortali,2; 8; 7; 10,Weir,Sensor Fish,,,Mined,,Full-text mined
2019_Salalila,2019,Salalila,Field,Evaluation of a fish-friendly self-cleaning horizontal,Entrainment/impingement/screen,Chinook salmon (O. tshawytscha); Sockeye/coho (Oncorhynchus),Juvenile,54-78 mm; 85-145 mm,pressure kPa: 1200,100% surviva,,Weir,Sensor Fish,,,Mined,,Full-text mined
2019_Tuononen,2019,Tuononen,Field,Fish Community Interactions with Very Low Head (VLH) Turbine Technology,Entrainment/impingement/screen,Salmonids (general),,17-69 cm; 65-98 cm; 30-50 cm; 18-31 cm; 42-62 cm; 38.3-47.4 cm,,,,Very Low Head (VLH),Telemetry/tagging; Mark-recapture/balloon-net,,,Mined,,Full-text mined
2020_BenAmmar,2020,BenAmmar,Field,Impact of downstream passage through hydropower plants on the physiological and health status of a critically,,European eel (A. anguilla),Adult,720-31.7 mm,strain rate s-1: 1007,20% mortali; 41% mortali; 100% surviva,,Kaplan; Weir,Review/meta-analysis,,,Mined,,Full-text mined
2020_Harrison,2020,Harrison,Field,"A comparison of turbine entrainment rates and seasonal entrainment vulnerability of two sympatric char species,",Entrainment/impingement/screen,Bull trout (S. confluentus); Lake trout (S. namaycush); Salmonids (general),Adult,370-885 mm; 590-992 mm,,100% mortali,10; 71; 18; 33; 39; 52; 47; 21,,Telemetry/tagging,,,Mined,,Full-text mined
2020_Martinez,2020,Martinez,Field,In situ characterization of the biological performance of a Francis turbine retrofitted with a modular guide vane,Barotrauma/pressure,Chinook salmon (O. tshawytscha); Silver perch (B. bidyanus),,,"pressure kPa: 22, 56.6, 57, 74.7, 122, 2238",15% injury; 83% injury; 87% injury,,Francis,Sensor Fish; In-situ field assessment,,,Mined,,Full-text mined
2020_Mueller,2020,Mueller,Field,Assessing turbine passage effects on internal fish injury and delayed mortality using X-ray imaging,Blade strike; Barotrauma/pressure; Shear; Turbulence,Salmonids (general); Cyprinids (general); European eel (A. anguilla); Brown trout (S. trutta),,,,1% injury; 3% injury,137; 171; 594; 107; 205; 93; 80; 136,Pump,Imaging/necropsy/histology,,,Mined,,Full-text mined
2020_Pauwels,2020,Pauwels,Field,"Multi-Species Assessment of Injury, Mortality, and Physical Conditions during Downstream Passage through a Large",Blade strike; Barotrauma/pressure; Shear; Grinding/abrasion/pinch,European eel (A. anguilla),,14 cm,"Multi-species in-situ assessment; large Archimedes hydrodynamic screw (Albert Canal, Belgium)",19% mortali; 37% mortali; 3% mortali; 42% mortali; 30% mortali; 19% injury,1564; 916; 1184; 1028; 124; 1029; 1185,Kaplan; Francis; Archimedean screw,In-situ field assessment,,"Multi-species field assessment of injury, mortality and condition during downstream passage through a large Archimedes hydrodynamic screw.",Verified,,Full-text mined
2020_Reckendorfer,2020,Reckendorfer,Field,Druckverhältnisse in großen Kaplan-Turbinen,Barotrauma/pressure,Silver perch (B. bidyanus); White sturgeon (A. transmontanus); Chinook salmon (O. tshawytscha); Lamprey,Juvenile; Adult,,"pressure kPa: 1, 2, 5, 11, 50, 84",,,Kaplan,,,,Mined,,Full-text mined
2020_Tuononen,2020,Tuononen,Field,Extent of injury and mortality arising from entrainment of fish through a Very Low Head hydropower turbine in,Grinding/abrasion/pinch; Entrainment/impingement/screen,Rainbow trout/steelhead (O. mykiss),Adult,18-114 cm,Flow velocities 4.5-9.3 m/s; only 1.16% of entrained fish (a pike) killed by strike,3.1% mortali; 2% injurie; 75% mortali; 3.45% mortali; 50% mortali,,Very Low Head (VLH),Telemetry/tagging; Mark-recapture/balloon-net,,"A Very Low Head turbine caused minimal injury/mortality (control~treatment), with low post-passage mortality — comparatively fish-safe.",Verified,,Full-text mined
2020_vanKeekan,2020,vanKeekan,Field,Behavioural responses of eel (Anguilla anguilla) approaching a large pumping station with trash rack using an,Entrainment/impingement/screen,European eel (A. anguilla),Adult,,,,27; 10; 217; 106; 141; 118; 42,Pump; Weir,Telemetry/tagging,,,Mined,,Full-text mined
2020_vanKeeken,2020,vanKeeken,Field,Migration of silver eel through three water pumping stations in The Netherlands,Turbulence; Entrainment/impingement/screen,European eel (A. anguilla),,45-50 cm,"strain rate s-1: 1126, 1186, 1007",7% mortali; 0% mortali,,Pump; Weir,Telemetry/tagging,,,Mined,,Full-text mined
2021_Ovidio,2021,Ovidio,Field,Improving bypass performance and passage success of Atlantic salmon smolts at an old fish-hostile hydroelectric power,Entrainment/impingement/screen,Atlantic salmon (Salmo salar); Smolts (unspec.),Smolt,120-163 mm; 121-158 mm; 120-159 mm; 125-150 mm; 123-161 mm; 126-153 mm,,16.5% mortali; 43.5% mortali; 31% mortali; 23.3% mortali,5; 2; 1,Francis,Telemetry/tagging,,,Mined,,Full-text mined
2022_Bercovitz,2022,Bercovitz,Field,Evaluation of fish injuries at the outlet of downstream passage devices - preliminary and lab experiments with,Shear; Grinding/abrasion/pinch,Atlantic salmon (Salmo salar); Smolts (unspec.),Smolt,137-225 mm; 93-128 mm,,100% injury,,,Sensor Fish; In-situ field assessment,,,Mined,,Full-text mined
2022_Mueller,2022,Mueller,Field,Experimental comparison of fish mortality and injuries at innovative and conventional small hydropower plants,Blade strike; Barotrauma/pressure; Shear; Turbulence,European eel (A. anguilla); Salmonids (general); Cyprinids (general); Brown trout (S. trutta),Juvenile,,Conventional Kaplan sites most harmful (<=83% mortality); innovative/fish-friendly types lower,83% mortali; 2% mortali; 22% mortali; 64% injured; 0% mortali; 64% mortali; 19% mortali; 3% mortali; 10% mortali; 4% mortali,,Kaplan; Archimedean screw; Very Low Head (VLH),,,Field comparison: conventional Kaplan plants caused up to ~83% mortality; innovative 'fish-friendly' small-hydropower designs markedly reduced injury/mortality.,Verified,,Full-text mined
2022_Watson,2022,Watson,Field,Juvenile Alewife Passage through a Compact Hydropower Turbine,Blade strike; Barotrauma/pressure; Shear; Turbulence; Entrainment/impingement/screen,Alewife (A. pseudoharengus),Juvenile,87-132 mm,"LRP values between 0.27; LRP of 0.81; pressure kPa: 44.95, 77.0, 101",95% surviva; 95% mortali; 99.5% surviva; 96.7% surviva; 97% surviva,,Propeller/axial; Spillway,Mark-recapture/balloon-net,,,Mined,,Full-text mined
2022_Watsonb,2022,Watson,Field,Safe passage of American Eels through a novel hydropower turbine,Blade strike; Barotrauma/pressure; Shear,American eel (A. rostrata),Juvenile; Adult,33.9-50.7 cm; 46.5-65.5 cm; 33.9-65.5 cm; 55.6 cm,"pressure kPa: 81, 132",100% surviva; 4.9% mortali,,Kaplan; Francis,Imaging/necropsy/histology,,,Mined,,Full-text mined
2023_Harnish,2023,Harnish,Field,Factors affecting powerhouse passage of spring migrant smolts at federally operated hydroelectric dams of the Snake,,Chinook salmon (O. tshawytscha); Rainbow trout/steelhead (O. mykiss); Smolts (unspec.),Smolt; Adult,147 mm,,,,Kaplan; Weir; Spillway,Telemetry/tagging,,,Mined,,Full-text mined
2023_Knott,2023,Knott,Field,Ecological assessment of the world's first shaft hydropower plant,Barotrauma/pressure,Brown trout (S. trutta); European eel (A. anguilla); Bullhead (Cottus gobio),,10-13 cm,"RPC <0.7; pressure kPa: 12.2, 65.9, 74.6, 86.5, 124.0, 377",44% mortali; 12% mortali; 5% survivi; 5% injury; 1% mortali; 8% mortali; 50% mortali; 64% mortali,2950; 816; 150; 264; 198; 105; 222; 58,Kaplan; Shaft hydropower,,,,Mined,,Full-text mined
2023_Pedron,2023,Pedron,Field,Fish injuries resulting from transient operating conditions in a Brazilian hydropower plant,Barotrauma/pressure,Pimelodus maculatus,,,"strain rate s-1: 1186, 1016, 1007",,43; 10; 16; 22; 5; 30; 23; 24,Francis,Imaging/necropsy/histology,,,Mined,,Full-text mined
2024_Romero-Gomez,2024,Romero-Gomez,Field,Sensor Fish Deployments at the Xayaburi Hydropower Plant Measurements and Simulations,,,,,,,,,Sensor Fish,,,Mined,,Low text only
2025_Rodger,2025,Rodger,Field,Downstream Migration Success of Atlantic Salmon Smolts in a River Catchment Highly Fragmented by Hydroelectric,,Atlantic salmon (Salmo salar); Smolts (unspec.),Juvenile; Smolt,152.7-14.6 mm,,13% mortali,25; 5,Weir,Telemetry/tagging,,,Mined,,Full-text mined
2025_Salalila,2025,Salalila,Field,Autonomous sensor suite for evaluating fish-turbine interactions and environmental impacts in marine renewable,Barotrauma/pressure; Shear; Turbulence,,Juvenile,,"pressure kPa: 140, 552; strain rate s-1: 4000",,,Tidal,Sensor Fish; In-situ field assessment,,,Mined,,Full-text mined
2025_Zillig,2025,Zillig,Field,Comparison of juvenile white sturgeon blade strike survival through a conventional and a novel hydropower turbine,Blade strike,White sturgeon (A. transmontanus),Juvenile,15-20 mm; 129-199 mm; 156-12 mm; 132-182 mm; 161-11 mm; 130-188 mm,"Conventional vs novel (thick, slanted) runner; survival at passage and 48 h",100% surviva; 99.1% surviva; 84.7% surviva; 54% injury; 99.4% surviva; 99.7% surviva; 80% surviva; 50% survivi; 42% surviva; 97.4% mortali,,Francis,,,"Juvenile white sturgeon had higher blade-strike survival through a novel fish-friendly runner (thick, slanted blades) than a conventional runner.",Verified,,Full-text mined
2002_Scheibe,2002,Scheibe,Numerical,Fish individual-based numerical simulator (FINS) a particle-based model of juvenile salmonid movement and,Gas supersaturation/GBT,Salmonids (general),Juvenile,,,,,Spillway,CFD/numerical; Telemetry/tagging,,,Mined,,Full-text mined
2004_Ploskey,2004,Ploskey,Numerical,Comparison of blade-strike modeling results with empirical data,Blade strike,Smolts (unspec.); Salmonids (general),,,,43% injury; 3% surviva; 0.7% injured; 3% mortali; 8% mortali; 4% surviva,,Kaplan; Francis,CFD/numerical,,,Mined,,Full-text mined
2005_Dengb,2005,Deng,Numerical,Evaluation of blade strike models for estimating the biological peformance of large kaplan hydro turbines,Blade strike,Smolts (unspec.),Juvenile; Smolt,100 mm,,,,Kaplan,CFD/numerical,,,Mined,,Full-text mined
2006_Dresser,2006,Dresser,Numerical,Wanapum Dam Advanced Hydro Turbine Upgrade Project Part 2 - Evaluation of Fish Passage Test Results Using,Turbulence,American shad (A. sapidissima),Smolt,,,,,,CFD/numerical,,,Mined,,Full-text mined
2007_Dengb,2007,Deng,Numerical,Evaluation of blade-strike models for estimating the biological performance of Kaplan turbines,Blade strike,Rainbow trout/steelhead (O. mykiss),Juvenile,56-102 mm; 19-172 mm; 19.05-172.21 mm; 100 mm,,,,Kaplan,CFD/numerical; Telemetry/tagging,,,Mined,,Full-text mined
2008_Ferguson,2008,Ferguson,Numerical,Combining turbine blade-strike and life cycle models to assess mitigation strategies for fish passing dams,Blade strike,Atlantic salmon (Salmo salar); Brown trout (S. trutta),Juvenile; Adult,152 mm; 212 mm,,22% mortali; 100% surviva; 6.8% mortali; 28% mortali; 8.6% mortali; 90% survive; 25% mortali,40; 9057; 32; 90,,CFD/numerical,,,Mined,,Full-text mined
2011_Yang,2011,Yang,Numerical,An optimization method on runner blades in bulb turbine based on CFD analysis,Turbulence,,,,strain rate s-1: 1007,,,Bulb,CFD/numerical,,,Mined,,Full-text mined
2012_Guenette,2012,Guenette,Numerical,Numerical prediction of a bulb turbine performance hill chart through RANS simulations,Cavitation,,,,,,,Bulb,CFD/numerical,,,Mined,,Full-text mined
2012_Normandeau,2012,Normandeau,Numerical,American shad passage study,,American shad (A. sapidissima),Larva; Juvenile; Adult,,,,,Pumped storage,CFD/numerical,,,Mined,,Full-text mined
2012_Romero-Gomez,2012,Romero-Gomez,Numerical,Quantifying the Effect of Kaplan-Type Runner Blade Gaps on Fish-related Flow Conditions,Blade strike; Shear; Grinding/abrasion/pinch,Salmonids (general),Juvenile,,"pressure kPa: 20.5, 50, 79.5, 100, 320",,,Kaplan; Francis,CFD/numerical,Mechanistic threshold model,,Mined,,Full-text mined
2012_Wu,2012,Wu,Numerical,Numerical prediction and similarity study of pressure fluctuation in a prototype Kaplan turbine and the model turbine,Turbulence,,,,,,107,Kaplan,CFD/numerical,,,Mined,,Full-text mined
2012_vanEsch,2012,vanEsch,Numerical,Fish injury and mortality during passage through pumping stations,Blade strike; Barotrauma/pressure; Shear; Cavitation,,,,pressure kPa: 17,25% mortali; 2% mortali; 20% mortali,,Pump; Archimedean screw,CFD/numerical,,,Mined,,Full-text mined
2013_Richmond,2013,Richmond,Numerical,Simulating Collisions for Hydrokinetic Turbines,Blade strike,White sturgeon (A. transmontanus); Salmonids (general),,115-235 mm; 388-710 mm; 100-760 mm; 10-150 mm; 40.6 cm,,96% surviva; 99% surviva,,Propeller/axial; Hydrokinetic/MHK,CFD/numerical,,,Mined,,Full-text mined
2014_Richmond,2014,Richmond,Numerical,Computational tools to assess turbine biological performance,Cavitation,Salmonids (general),Juvenile; Yearling/sub-adult; Adult,,,1% mortali,,Kaplan,CFD/numerical,,,Mined,,Full-text mined
2014_Richmondb,2014,Richmond,Numerical,Fish passage through hydropower turbines Simulating blade strike using the discrete element method,Blade strike; Barotrauma/pressure,,,,,,,Kaplan; Spillway,Sensor Fish; CFD/numerical; In-situ field assessment,,,Mined,,Full-text mined
2014_Richmondc,2014,Richmond,Numerical,Quantifying barotrauma risk to juvenile fish during hydro-turbine passage,Barotrauma/pressure,Chinook salmon (O. tshawytscha),Juvenile,100 mm,"pressure kPa: 4.8, 101, 3447, 3930, 4100",0.3% injury; 2% mortali; 96% surviva,,Kaplan; Spillway,CFD/numerical; Telemetry/tagging,,,Mined,,Full-text mined
2014_Romero-Gomez,2014,Romero-Gomez,Numerical,Simulating blade-strike on fish passing through marine hydrokinetic turbines,Blade strike; Turbulence,White sturgeon (A. transmontanus); Salmonids (general),,100-760 mm; 104 cm; 40.6 cm,,99% surviva; 4% mortali,,Hydrokinetic/MHK,CFD/numerical,,,Mined,,Full-text mined
2014_vanEsch,2014,vanEsch,Numerical,Validation of a model to predict fish passage mortality in pumping stations,Blade strike,Cyprinids (general),,14 cm; 45 cm,"strain rate s-1: 517, 852, 1008, 500",10% mortali; 100% surviva; 90% mortali; 30% mortali,,Pump,CFD/numerical,,,Mined,,Full-text mined
2015_Richmond,2015,Richmond,Numerical,Comparative Study of Barotrauma Risk during Fish Passage through Kaplan Turbines,Blade strike; Barotrauma/pressure; Shear; Turbulence,Salmonids (general),Juvenile,90 mm,CFD nadir-pressure distributions -> probability of mortal injury vs acclimation depth; validated vs field nadir,,,Kaplan,Sensor Fish; CFD/numerical,,"CFD method predicts barotrauma (nadir-pressure) risk for juvenile Chinook across Kaplan designs and acclimation depths, reproducing field nadir distributions.",Verified,,Full-text mined
2015_Xiao,2015,Xiao,Numerical,Movement characteristics offish in a jetfish pump,Cavitation,,,,"pressure kPa: 10, 10.1, 30, 77.90, 127.21, 138.26",,,Pump,CFD/numerical,,,Mined,,Full-text mined
2016_Long,2016,Long,Numerical,Impact of the internal flow in a jet fish pump on the fish,Shear; Cavitation,,,126.3 mm,"pressure kPa: 3.17, 10.1, 23.33, 100",0.34% injury,4,Pump,CFD/numerical,,,Mined,,Full-text mined
2018_Hou,2018,Hou,Numerical,A Hydropower Biological Evaluation Toolset (HBET) for Characterizing Hydraulic Conditions and Impacts of,Shear; Turbulence,Chinook salmon (O. tshawytscha); Silver perch (B. bidyanus); Murray cod (M. peelii); Gudgeon (Gobio gobio),Smolt; Yearling/sub-adult,89.9 mm,LRP can be calculated using Equation (1; pressure kPa: 56.1,,,Spillway,CFD/numerical; Sensor Fish,,,Mined,,Full-text mined
2019_Benigni,2019,Benigni,Numerical,Downstream Fish migration in a Kaplan turbine - Numerical Simulation and Experimental Verification,Shear; Turbulence; Entrainment/impingement/screen,,,,,,,Kaplan,CFD/numerical,,,Mined,,Full-text mined
2019_Klopries,2019,Klopries,Numerical,Mortality assessment for adult European eels (Anguilla Anguilla) during turbine passage using CFD modelling,Barotrauma/pressure; Shear,Atlantic salmon (Salmo salar); European eel (A. anguilla),Adult,,"pressure kPa: 10, 13.8, 40, 80, 101, 120; strain rate s-1: 1007, 3390",22% mortali; 0% mortali; 18% mortali; 0.3% mortali; 7% mortali; 1% mortali,,Kaplan; Bulb,CFD/numerical,,,Mined,,Full-text mined
2019_Müller,2019,Müller,Numerical,Numerical analysis of the compromise between power output and fish-friendliness in a vortex power plant,,,,15-36 cm,,,,Weir; Vortex,CFD/numerical,,,Mined,,Full-text mined
2019_Romero-Gomez,2019,Romero-Gomez,Numerical,Particle-based evaluations of fish-friendliness in Kaplan turbine,Turbulence,,,,,,,Kaplan,CFD/numerical,,,Mined,,Full-text mined
2019_Serkowski,2019,Serkowski,Numerical,Nadir Pressure Exposure Estimates at the McNeary Dam,Barotrauma/pressure,Salmonids (general),,,,,,Kaplan,CFD/numerical,,,Mined,,Full-text mined
2019_Xu,2019,Xu,Numerical,Impact of fish locomotion on the internal flow in a jet fish pump,Shear; Cavitation,,,,"pressure kPa: 6, 15",,,Pump,CFD/numerical,,,Mined,,Full-text mined
2020_Benigni,2020,Benigni,Numerical,Downstream II,Barotrauma/pressure; Shear; Cavitation; Turbulence,,Adult,,,,,Kaplan,CFD/numerical; In-situ field assessment,,,Mined,,Full-text mined
2020_Pflugrathc,2020,Pflugrath,Numerical,Biological Response Models,Blade strike; Barotrauma/pressure; Shear,Rainbow trout/steelhead (O. mykiss); Lamprey; Chinook salmon (O. tshawytscha); American shad (A. sapidissima),,26-76 mm; 10.1-14.9 cm; 20.1-31.6 cm; 10-25 mm,"RPC), at which LD50; ratio of pressure change (RPC), at which LD50; pressure kPa: 101, 700",5% mortali; 96% surviva; 100% mortali; 50% mortali; 0% mortali,,,CFD/numerical,Mechanistic threshold model,,Mined,,Full-text mined
2020_Xu,2020,Xu,Numerical,Impact of pressure gradients on fish scales in a jet fish pump,Barotrauma/pressure; Shear; Cavitation,,,,"pressure kPa: 270, 800; strain rate s-1: 1007",,,Pump,CFD/numerical,,,Mined,,Full-text mined
2022_Huang,2022,Huang,Numerical,FSI simulation of dynamics of fish passing through a tubular turbine,Barotrauma/pressure; Shear; Cavitation,White sturgeon (A. transmontanus),,,"pressure kPa: 10, 15, 47, 50, 113; strain rate s-1: 1007",,,,CFD/numerical,,,Mined,,Full-text mined
2022_Pan,2022,Pan,Numerical,"Analysis, Design, and Validation of a Vaned Diffuser for Improved Fish Friendliness",Blade strike; Barotrauma/pressure; Shear; Cavitation,Cyprinids (general),,,,0% mortali,,Pump,CFD/numerical,,,Mined,,Full-text mined
2022_Panb,2022,Pan,Numerical,Fish damage assessment during the passage through traditional and fish-friendly axial-flow pumps with Lagrangian,Blade strike; Shear,European eel (A. anguilla),,150 mm,pressure kPa: 50; strain rate s-1: 500,35% surviva,,Propeller/axial; Pump,CFD/numerical,,,Mined,,Full-text mined
2022_Romero-Gomez,2022,Romero-Gomez,Numerical,Evaluation of fish-related properties of Kaplan turbines at the design phase simulation-based outcomes vs.,Cavitation,,,,,,,Kaplan; Propeller/axial,Sensor Fish; CFD/numerical,,,Mined,,Full-text mined
2022_Romero-Gomezb,2022,Romero-Gomez,Numerical,Numerical investigation of inertial sphere impaction on a cylinder in subcritical flow-2,Turbulence,,,,,,,Francis; Hydrokinetic/MHK,CFD/numerical,,,Mined,,Full-text mined
2022_Romero-Gomezc,2022,Romero-Gomez,Numerical,The bio-hill chart of a Kaplan turbine,Barotrauma/pressure,Salmonids (general),Juvenile,10.5 cm; 70 cm,"pressure kPa: 36, 41, 89, 106, 118, 130",3.1% surviva,,Kaplan,CFD/numerical,,,Mined,,Full-text mined
2022_Yang,2022,Yang,Numerical,Effects of operating condition on fish behavior and fish injury in an axial pump,Blade strike; Shear,,Juvenile,,"pressure kPa: 19, 20; strain rate s-1: 1007",,,Pump,CFD/numerical,,,Mined,,Full-text mined
2022_Zhu,2022,Zhu,Numerical,Analysis and reduction of the pressure and shear damage probability of fish in a Francis turbine,Shear,Crucian carp (Carassius),,,"pressure kPa: 50.66; strain rate s-1: 495, 500",,,Francis,CFD/numerical; Review/meta-analysis,,,Mined,,Full-text mined
2023_David,2023,David,Numerical,Numerical simulation of a waterfall in a downstream basin,Entrainment/impingement/screen,Smolts (unspec.),Smolt,,,3% injurie,,Kaplan; Pump; Weir,CFD/numerical,,,Mined,,Full-text mined
2023_Tomanova,2023,Tomanova,Numerical,Updated mortality estimation formulae for salmonids passing Francis turbines,,Salmonids (general),,345 mm,"Updated Francis-turbine mortality formula from 73 in-situ tests (peripheral speed, diameter, fish size); r=0.89",100% mortali,,Francis,CFD/numerical; In-situ field assessment,,"Updated/validated predictive formulae for salmonid mortality in Francis turbines, r=0.89 vs observed.",Verified,,Full-text mined
2023_Yang,2023,Yang,Numerical,Fish damage due to tubular turbine Experiments and CFD simulations,Barotrauma/pressure; Shear,Crucian carp (Carassius),,50-90 mm; 15 mm,"pressure kPa: 3, 15; strain rate s-1: 500",11.02% injury; 70% injurie,,Francis; Propeller/axial; Pump; Spillway; Tidal,CFD/numerical,Mechanistic threshold model,,Mined,,Full-text mined
2024_Hamel,2024,Hamel,Numerical,PhD Estimating Fish Mortality in a Hydroelectric Turbine using Computational,,Atlantic salmon (Salmo salar); Rainbow trout/steelhead (O. mykiss); American shad (A. sapidissima); Chinook salmon (O. tshawytscha),,,,,,Kaplan,Sensor Fish; CFD/numerical,,,Mined,,Full-text mined
2024_Kaminski,2024,Kaminski,Numerical,Computational fluid dynamics simulation of passive downstream fish passage over a weir with OpenFOAM,Barotrauma/pressure; Shear,,,32 cm,,,,Francis; Weir,CFD/numerical,,,Mined,,Full-text mined
2024_Romero-Gomezb,2024,Romero-Gomez,Numerical,Feasibility study for test rig assessments of fish,Blade strike; Barotrauma/pressure,Chinook salmon (O. tshawytscha); European eel (A. anguilla),,,"pressure kPa: 0.77, 1200",,,Kaplan,CFD/numerical; Sensor Fish; In-situ field assessment,,,Mined,,Full-text mined
2025_Huang,2025,Huang,Numerical,Velocity- and pressure-based metrics for estimating strike injuries during fish passage through hydro turbines,Blade strike; Entrainment/impingement/screen,Chinook salmon (O. tshawytscha),,,,95% surviva; 100% surviva; 95% survive; 3% surviva,0; 1,Kaplan,CFD/numerical; Sensor Fish; In-situ field assessment,Dose-response; Mechanistic threshold model,,Mined,,Full-text mined
2025_Kan,2025,Kan,Numerical,Fish-friendly optimization of low-head axial-flow turbines,Shear,,,,"pressure kPa: 50, 109, 550.3; strain rate s-1: 180",7% mortali,,Propeller/axial; Pumped storage,CFD/numerical,,,Mined,,Full-text mined
2026_Pan,2026,Pan,Numerical,A novel fish-friendly-twisted blade towards low-head pumped hydro storage assessment of flow distortion-induced,Blade strike,,,193.8 mm; 200 mm,strain rate s-1: 52,,,Pump; Pumped storage,CFD/numerical,,,Mined,,Full-text mined
200X_Kemper,200X,Kemper,Guidelines,VisAdvies protocol for testing and evaluating pumping station pumps on fish survivability,,Cyprinids (general),,,,,,Pump,Sensor Fish; In-situ field assessment,,,Mined,,Full-text mined
2014_Boys,2014,Boys,Guidelines,Downstream fish passage criteria for hydropower and irrigation infrastructure in the Murray–Darling Basin,Barotrauma/pressure,Silver perch (B. bidyanus); Murray cod (M. peelii); Golden perch (M. ambigua),Egg,,"RPC of ~0.1; ratio of pressure changes (RPC, E/A) threshol; RPC of 0.3; RPC tested was ~0.1; pressure kPa: 10, 101",10% mortali; 75% mortali; 40% mortali; 100% mortali,517,,,,,Mined,,Full-text mined
2015_FFS,2015,FFS,Guidelines,Arbeitshilfe zur standörtlichen Evaluierung,,,,,,,,,,,,Mined,,Full-text mined
2016_LUBW,2016,LUBW,Guidelines,Handreichung Fischschutz und Fischabstieg an Wasserkraftanlagen,,,,,,,,,,,,Mined,,Full-text mined
2018_NEN,2018,NEN,Guidelines,Draft NEN 8775 fish safety of pumps screws and pressure turbines (Dutch),,,,,,,,Pump; Archimedean screw,,,,Mined,,Full-text mined
2019_Alves,2019,Alves,Guidelines,Protocol for the assessment of mortality and injuries in fish larvae associated with their downstream passage,,,Egg; Larva,,strain rate s-1: 1007,10% injured,,Spillway,In-situ field assessment,,,Mined,,Full-text mined
2019_BNT,2019,BNT,Guidelines,Fischschutz und Fischabstieg in Österreich - Endberict,,,,,,3% mortali; 8% mortali; 23% mortali; 4% mortali; 75% mortali,,,,,,Mined,,Full-text mined
2019_Wagner,2019,Wagner,Guidelines,Evaluierung von Fischschutz und Fischabstiegsmaßnahmen,,,,10-15 cm,,,27; 2203,,,,,Mined,,Full-text mined
2020_NEN,2020,NEN,Guidelines,NEN 8775 fish safety standard (EN),,European eel (A. anguilla); Cyprinids (general); Smolts (unspec.),,100 cm,,,,Pump; Archimedean screw,,,,Mined,,Full-text mined
2020_Wolter,2020,Wolter,Guidelines,Fachplanerische Bewertung der Mortalitaet von Fischen an Wasserkraftanlagen (BfN-Skripten 561),,,,,strain rate s-1: 9217,,,,,,,Mined,,Full-text mined
2022_NLWKN,2022,NLWKN,Guidelines,Leitfaden zur Verwendung fischschonender Pumpen,,,,,,20% mortali,,Propeller/axial; Archimedean screw,,,,Mined,,Full-text mined
2023_EU,2023,EU,Guidelines,Implementation of Council Regulation on European eel recovery - amendments,,European eel (A. anguilla),,,,,,,,,,Mined,,Full-text mined
2024_Canada,2024,Canada,Guidelines,Risk to fish from very low head turbine installations,Barotrauma/pressure; Cavitation; Turbulence; Grinding/abrasion/pinch; Entrainment/impingement/screen,Chinook salmon (O. tshawytscha); Lamprey; Rainbow trout/steelhead (O. mykiss),,,"RPC was 1.17; RPC of 2.5; RPC 1.2; pressure kPa: 10, 86.3, 94, 101.3, 160.2",1.16% mortali; 30% mortali; 2.6% mortali; 18% mortali; 29% mortali; 95% mortali; 90% surviva; 3.45% mortali; 406% injury; 283% mortali,5; 3,Weir; Very Low Head (VLH),,,,Mined,,Full-text mined
